選手ID,選手名,球団,試合,打席,打数,安打,単打,二塁打,三塁打,本塁打,塁打,打点,三振,四球,死球,犠打,犠飛,併殺打,打率,出塁率,長打率,OPS,更新日
43545159,エスピノーザ,オリックス・バファローズ,2,5,5,0,0,0,0,0,0,0,5,0,0,0,0,0,0.000,0.000,0.000,0.000,2026/08/01
93595152,シーモア,オリックス・バファローズ,42,144,139,22,15,4,0,3,35,15,45,3,1,0,1,1,0.158,0.181,0.252,0.432,2026/08/01
03505152,ジェリー,オリックス・バファローズ,1,1,1,0,0,0,0,0,0,0,1,0,0,0,0,0,0.000,0.000,0.000,0.000,2026/08/01
83385159,横山 聖哉,オリックス・バファローズ,6,14,13,2,2,0,0,0,2,0,7,0,0,1,0,0,0.154,0.154,0.154,0.308,2026/08/01
51755138,宜保 翔,オリックス・バファローズ,13,33,30,5,4,1,0,0,6,0,7,2,0,1,0,1,0.167,0.219,0.200,0.419,2026/08/01
71775139,九里 亜蓮,オリックス・バファローズ,2,6,5,0,0,0,0,0,0,0,4,0,0,1,0,0,0.000,0.000,0.000,0.000,2026/08/01
01705152,窪田 洋祐,オリックス・バファローズ,1,1,1,0,0,0,0,0,0,0,1,0,0,0,0,0,0.000,0.000,0.000,0.000,2026/08/01
91995151,紅林 弘太郎,オリックス・バファローズ,88,340,298,75,51,11,1,12,124,32,48,32,5,3,2,10,0.252,0.332,0.416,0.748,2026/08/01
33335150,山中 稜真,オリックス・バファローズ,52,220,195,60,49,9,1,1,74,18,31,21,2,0,2,5,0.308,0.377,0.379,0.757,2026/08/01
41645139,若月 健矢,オリックス・バファローズ,70,234,202,43,30,12,0,1,58,13,44,17,1,14,0,6,0.213,0.277,0.287,0.564,2026/08/01
11815130,宗 佑磨,オリックス・バファローズ,88,362,312,73,52,12,2,7,110,36,57,34,9,4,3,5,0.234,0.324,0.353,0.677,2026/08/01
91495139,森 友哉,オリックス・バファローズ,60,233,210,54,38,9,0,7,84,24,43,22,1,0,0,2,0.257,0.330,0.400,0.730,2026/08/01
61965132,杉本 裕太郎,オリックス・バファローズ,15,43,39,5,3,2,0,0,7,5,13,2,0,0,2,0,0.128,0.163,0.179,0.342,2026/08/01
61965157,杉澤 龍,オリックス・バファローズ,24,69,62,19,11,5,1,2,32,7,18,4,1,1,1,1,0.306,0.353,0.516,0.869,2026/08/01
71475132,西川 龍馬,オリックス・バファローズ,96,411,384,112,82,24,0,6,154,37,51,23,0,1,3,15,0.292,0.329,0.401,0.730,2026/08/01
91495130,西野 真弘,オリックス・バファローズ,29,85,77,14,12,2,0,0,16,0,10,5,1,2,0,2,0.182,0.241,0.208,0.449,2026/08/01
81985157,曽谷 龍平,オリックス・バファローズ,2,5,4,0,0,0,0,0,0,0,3,0,0,1,0,0,0.000,0.000,0.000,0.000,2026/08/01
91395138,太田 椋,オリックス・バファローズ,81,334,298,84,57,18,1,8,128,38,71,33,2,0,1,12,0.282,0.356,0.430,0.786,2026/08/01
11515132,大城 滉二,オリックス・バファローズ,8,16,16,5,4,1,0,0,6,3,4,0,0,0,0,1,0.313,0.313,0.375,0.688,2026/08/01
41145155,池田 陵真,オリックス・バファローズ,1,4,3,0,0,0,0,0,0,0,2,1,0,0,0,0,0.000,0.250,0.000,0.250,2026/08/01
51255138,中川 圭太,オリックス・バファローズ,86,347,313,81,62,12,1,6,113,30,36,25,3,2,4,3,0.259,0.316,0.361,0.677,2026/08/01
41045136,田嶋 大樹,オリックス・バファローズ,1,1,1,1,1,0,0,0,1,0,0,0,0,0,0,0,1.000,1.000,1.000,2.000,2026/08/01
63565155,渡部 遼人,オリックス・バファローズ,56,207,176,43,36,2,2,3,58,11,39,21,2,8,0,1,0.244,0.332,0.330,0.661,2026/08/01
91295157,内藤 鵬,オリックス・バファローズ,1,4,4,2,1,1,0,0,3,0,1,0,0,0,0,1,0.500,0.500,0.750,1.250,2026/08/01
33135150,麦谷 祐介,オリックス・バファローズ,13,28,25,3,1,0,1,1,8,4,10,1,0,1,1,0,0.120,0.148,0.320,0.468,2026/08/01
11815155,福永 奨,オリックス・バファローズ,14,31,28,4,2,1,0,1,8,2,8,0,0,3,0,2,0.143,0.143,0.286,0.429,2026/08/01
01605132,平沼 翔太,オリックス・バファローズ,16,35,33,8,6,2,0,0,10,2,9,2,0,0,0,0,0.242,0.286,0.303,0.589,2026/08/01
01505150,片山 楽生,オリックス・バファローズ,1,1,1,0,0,0,0,0,0,0,1,0,0,0,0,0,0.000,0.000,0.000,0.000,2026/08/01
81485155,野口 智哉,オリックス・バファローズ,39,103,94,19,13,4,0,2,29,14,34,4,1,3,1,0,0.202,0.240,0.309,0.549,2026/08/01
51955153,来田 涼斗,オリックス・バファローズ,50,161,147,40,32,5,1,2,53,19,27,8,1,3,2,1,0.272,0.310,0.361,0.671,2026/08/01
21625132,廣岡 大志,オリックス・バファローズ,13,51,47,9,9,0,0,0,9,3,16,3,0,0,1,4,0.191,0.235,0.191,0.427,2026/08/01
33035152,エンカーナシオン,横浜DeNAベイスターズ,21,91,88,27,18,4,0,5,46,21,18,2,0,0,1,2,0.307,0.319,0.523,0.841,2026/08/01
83385152,コックス,横浜DeNAベイスターズ,2,4,4,0,0,0,0,0,0,0,3,0,0,0,0,0,0.000,0.000,0.000,0.000,2026/08/01
13715150,デュプランティエ,横浜DeNAベイスターズ,2,3,3,0,0,0,0,0,0,0,0,0,0,0,0,0,0.000,0.000,0.000,0.000,2026/08/01
13715132,ビシエド,横浜DeNAベイスターズ,21,31,28,7,6,0,0,1,10,6,5,2,0,0,1,0,0.250,0.290,0.357,0.647,2026/08/01
13015152,ビド,横浜DeNAベイスターズ,1,2,2,0,0,0,0,0,0,0,2,0,0,0,0,0,0.000,0.000,0.000,0.000,2026/08/01
13715152,ヒュンメル,横浜DeNAベイスターズ,58,145,127,27,17,5,0,5,47,18,48,14,3,0,1,4,0.213,0.303,0.370,0.674,2026/08/01
01305153,井上 朋也,横浜DeNAベイスターズ,4,9,8,0,0,0,0,0,0,0,4,1,0,0,0,0,0.000,0.111,0.000,0.111,2026/08/01
21525150,加藤 響,横浜DeNAベイスターズ,1,1,1,0,0,0,0,0,0,0,1,0,0,0,0,0,0.000,0.000,0.000,0.000,2026/08/01
51555151,蝦名 達夫,横浜DeNAベイスターズ,74,280,252,61,46,9,2,4,86,21,67,17,10,1,0,4,0.242,0.315,0.341,0.657,2026/08/01
51555155,梶原 昂希,横浜DeNAベイスターズ,24,73,64,13,8,3,1,1,21,5,18,6,2,1,0,1,0.203,0.292,0.328,0.620,2026/08/01
31935139,関根 大気,横浜DeNAベイスターズ,1,1,1,0,0,0,0,0,0,0,0,0,0,0,0,0,0.000,0.000,0.000,0.000,2026/08/01
53155152,宮下 朝陽,横浜DeNAベイスターズ,38,128,120,29,21,4,0,4,45,15,29,7,0,1,0,2,0.242,0.283,0.375,0.658,2026/08/01
51455137,宮﨑 敏郎,横浜DeNAベイスターズ,68,249,222,60,44,8,0,8,92,27,30,22,4,0,1,10,0.270,0.345,0.414,0.760,2026/08/01
81585134,京田 陽太,横浜DeNAベイスターズ,41,111,103,25,20,4,0,1,32,11,22,4,3,1,0,2,0.243,0.291,0.311,0.602,2026/08/01
31735134,九鬼 隆平,横浜DeNAベイスターズ,8,9,9,2,1,1,0,0,3,0,4,0,0,0,0,0,0.222,0.222,0.333,0.556,2026/08/01
91895155,古市 尊,横浜DeNAベイスターズ,6,15,14,2,1,1,0,0,3,0,3,1,0,0,0,0,0.143,0.200,0.214,0.414,2026/08/01
41245132,戸柱 恭孝,横浜DeNAベイスターズ,20,50,45,8,5,3,0,0,11,5,8,4,0,0,1,1,0.178,0.240,0.244,0.484,2026/08/01
11215159,高見澤 郁魅,横浜DeNAベイスターズ,1,1,1,0,0,0,0,0,0,0,0,0,0,0,0,0,0.000,0.000,0.000,0.000,2026/08/01
91995134,佐野 恵太,横浜DeNAベイスターズ,89,374,335,86,61,20,0,5,121,35,53,38,1,0,0,6,0.257,0.334,0.361,0.695,2026/08/01
33135134,三森 大貴,横浜DeNAベイスターズ,34,121,113,29,26,3,0,0,32,9,28,7,0,0,1,1,0.257,0.298,0.283,0.581,2026/08/01
23125136,山本 祐大,横浜DeNAベイスターズ,28,105,88,20,14,5,0,1,28,8,15,13,3,1,0,3,0.227,0.346,0.318,0.664,2026/08/01
41045150,篠木 健太郎,横浜DeNAベイスターズ,9,21,19,2,2,0,0,0,2,0,13,1,0,1,0,0,0.105,0.150,0.105,0.255,2026/08/01
41945132,柴田 竜拓,横浜DeNAベイスターズ,10,13,10,1,1,0,0,0,1,1,1,0,0,2,1,2,0.100,0.091,0.100,0.191,2026/08/01
63365150,若松 尚輝,横浜DeNAベイスターズ,1,1,1,0,0,0,0,0,0,0,1,0,0,0,0,0,0.000,0.000,0.000,0.000,2026/08/01
41545138,勝又 温史,横浜DeNAベイスターズ,76,287,273,84,70,11,0,3,104,32,48,7,4,2,1,2,0.308,0.333,0.381,0.714,2026/08/01
41545152,小田 康一郎,横浜DeNAベイスターズ,3,8,7,0,0,0,0,0,0,0,3,1,0,0,0,0,0.000,0.125,0.000,0.125,2026/08/01
81985159,庄司 陽斗,横浜DeNAベイスターズ,1,1,1,0,0,0,0,0,0,0,1,0,0,0,0,0,0.000,0.000,0.000,0.000,2026/08/01
21825157,松尾 汐恩,横浜DeNAベイスターズ,61,217,198,51,37,9,1,4,74,14,23,14,2,1,1,5,0.258,0.312,0.374,0.685,2026/08/01
61665155,深沢 鳳介,横浜DeNAベイスターズ,5,10,8,1,1,0,0,0,1,0,6,0,0,2,0,0,0.125,0.125,0.125,0.250,2026/08/01
71575136,神里 和毅,横浜DeNAベイスターズ,15,19,15,2,1,0,1,0,4,1,7,3,0,1,0,0,0.133,0.278,0.267,0.544,2026/08/01
91495152,成瀬 脩人,横浜DeNAベイスターズ,17,49,49,12,11,1,0,0,13,5,16,0,0,0,0,1,0.245,0.245,0.265,0.510,2026/08/01
91195159,石上 泰輝,横浜DeNAベイスターズ,26,92,82,16,10,6,0,0,22,4,20,5,0,4,1,0,0.195,0.239,0.268,0.507,2026/08/01
21125159,石田 裕太郎,横浜DeNAベイスターズ,14,28,23,2,2,0,0,0,2,1,11,0,0,5,0,0,0.087,0.087,0.087,0.174,2026/08/01
11415150,竹田 祐,横浜DeNAベイスターズ,4,7,7,1,1,0,0,0,1,0,3,0,0,0,0,0,0.143,0.143,0.143,0.286,2026/08/01
21425153,中川 颯,横浜DeNAベイスターズ,2,3,3,1,1,0,0,0,1,0,1,0,0,0,0,0,0.333,0.333,0.333,0.667,2026/08/01
33535159,度会 隆輝,横浜DeNAベイスターズ,84,287,264,72,53,13,0,6,103,27,40,19,3,1,0,8,0.273,0.329,0.390,0.719,2026/08/01
11015152,島田 舜也,横浜DeNAベイスターズ,3,6,3,0,0,0,0,0,0,0,1,1,0,2,0,0,0.000,0.250,0.000,0.250,2026/08/01
51155136,東 克樹,横浜DeNAベイスターズ,15,37,35,2,2,0,0,0,2,0,17,0,0,2,0,0,0.057,0.057,0.057,0.114,2026/08/01
41945131,筒香 嘉智,横浜DeNAベイスターズ,57,222,188,45,28,10,0,7,76,26,59,31,1,0,2,2,0.239,0.347,0.404,0.751,2026/08/01
41045137,藤浪 晋太郎,横浜DeNAベイスターズ,2,3,2,1,1,0,0,0,1,0,1,0,0,1,0,0,0.500,0.500,0.500,1.000,2026/08/01
61365153,入江 大生,横浜DeNAベイスターズ,5,9,6,1,0,1,0,0,2,2,2,0,0,3,0,0,0.167,0.167,0.333,0.500,2026/08/01
61365136,尾形 崇斗,横浜DeNAベイスターズ,6,9,8,1,1,0,0,0,1,0,3,0,0,1,0,1,0.125,0.125,0.125,0.250,2026/08/01
01905139,平良 拳太郎,横浜DeNAベイスターズ,11,17,13,0,0,0,0,0,0,0,8,2,0,2,0,0,0.000,0.133,0.000,0.133,2026/08/01
61565152,片山 皓心,横浜DeNAベイスターズ,1,2,1,0,0,0,0,0,0,0,1,0,0,1,0,0,0.000,0.000,0.000,0.000,2026/08/01
13115153,牧 秀悟,横浜DeNAベイスターズ,58,259,227,66,37,12,0,17,129,46,48,24,7,0,1,7,0.291,0.375,0.568,0.943,2026/08/01
91695157,林 琢真,横浜DeNAベイスターズ,32,102,92,23,13,9,0,1,35,16,24,7,0,2,1,1,0.250,0.300,0.380,0.680,2026/08/01
31135134,アドゥワ 誠,広島東洋カープ,2,3,3,1,1,0,0,0,1,0,1,0,0,0,0,0,0.333,0.333,0.333,0.667,2026/08/01
43545152,ターノック,広島東洋カープ,7,10,7,2,1,1,0,0,3,0,3,0,0,3,0,0,0.286,0.286,0.429,0.714,2026/08/01
43745150,ファビアン,広島東洋カープ,58,222,201,44,24,7,0,13,90,24,40,11,7,0,3,3,0.219,0.279,0.448,0.727,2026/08/01
53955150,モンテロ,広島東洋カープ,79,233,207,52,35,9,0,8,85,32,55,22,1,0,3,3,0.251,0.322,0.411,0.733,2026/08/01
91595150,岡本 駿,広島東洋カープ,13,22,19,1,1,0,0,0,1,1,12,1,0,2,0,0,0.053,0.100,0.053,0.153,2026/08/01
61565135,菊池 涼介,広島東洋カープ,81,324,273,64,47,12,0,5,91,21,66,32,0,15,4,4,0.234,0.311,0.333,0.644,2026/08/01
81585157,久保 修,広島東洋カープ,2,2,1,0,0,0,0,0,0,0,1,1,0,0,0,0,0.000,0.500,0.000,0.500,2026/08/01
41245151,玉村 昇悟,広島東洋カープ,6,9,8,0,0,0,0,0,0,0,4,0,0,1,0,0,0.000,0.000,0.000,0.000,2026/08/01
91995153,栗林 良吏,広島東洋カープ,9,24,19,0,0,0,0,0,0,0,11,0,0,5,0,0,0.000,0.000,0.000,0.000,2026/08/01
11015150,佐々木 泰,広島東洋カープ,70,218,205,51,41,6,1,3,68,10,24,11,1,1,0,3,0.249,0.290,0.332,0.622,2026/08/01
71975159,佐藤 啓介,広島東洋カープ,31,51,48,10,10,0,0,0,10,5,10,2,1,0,0,2,0.208,0.255,0.208,0.463,2026/08/01
11915134,坂倉 将吾,広島東洋カープ,87,355,312,80,51,18,1,10,130,47,69,38,3,0,2,3,0.256,0.341,0.417,0.758,2026/08/01
81885151,持丸 泰輝,広島東洋カープ,64,199,162,33,22,6,0,5,54,13,47,27,2,7,1,4,0.204,0.323,0.333,0.656,2026/08/01
31135133,秋山 翔吾,広島東洋カープ,43,111,106,29,24,2,1,2,39,9,17,2,1,0,2,0,0.274,0.288,0.368,0.656,2026/08/01
81585152,勝田 成,広島東洋カープ,50,130,111,17,15,2,0,0,19,3,21,11,3,4,1,0,0.153,0.246,0.171,0.417,2026/08/01
01705138,小園 海斗,広島東洋カープ,89,353,324,79,65,11,3,0,96,18,44,22,4,2,1,5,0.244,0.299,0.296,0.595,2026/08/01
11415134,床田 寛樹,広島東洋カープ,15,32,28,4,4,0,0,0,4,2,10,1,0,3,0,1,0.143,0.172,0.143,0.315,2026/08/01
93395155,森 翔平,広島東洋カープ,8,16,13,1,1,0,0,0,1,0,6,1,0,2,0,1,0.077,0.143,0.077,0.220,2026/08/01
53155151,森下 暢仁,広島東洋カープ,11,18,15,3,2,1,0,0,4,1,4,1,0,2,0,0,0.200,0.250,0.267,0.517,2026/08/01
61765157,斉藤 優汰,広島東洋カープ,4,5,5,0,0,0,0,0,0,0,2,0,0,0,0,0,0.000,0.000,0.000,0.000,2026/08/01
21125151,石原 貴規,広島東洋カープ,28,73,68,14,11,2,0,1,19,4,18,4,0,1,0,2,0.206,0.250,0.279,0.529,2026/08/01
41845155,前川 誠太,広島東洋カープ,23,25,21,2,2,0,0,0,2,2,6,3,0,1,0,0,0.095,0.208,0.095,0.304,2026/08/01
61365139,大瀬良 大地,広島東洋カープ,2,2,2,1,1,0,0,0,1,0,1,0,0,0,0,0,0.500,0.500,0.500,1.000,2026/08/01
21325138,大盛 穂,広島東洋カープ,71,256,238,54,40,7,3,4,79,16,67,11,1,6,0,2,0.227,0.264,0.332,0.596,2026/08/01
71075157,辰見 鴻之介,広島東洋カープ,8,18,16,2,2,0,0,0,2,0,6,1,0,1,0,1,0.125,0.176,0.125,0.301,2026/08/01
81285136,中村 奨成,広島東洋カープ,26,81,72,13,12,1,0,0,14,0,10,3,0,6,0,0,0.181,0.213,0.194,0.408,2026/08/01
61265155,田村 俊介,広島東洋カープ,4,12,12,1,1,0,0,0,1,1,2,0,0,0,0,1,0.083,0.083,0.083,0.167,2026/08/01
13515150,渡邉 悠斗,広島東洋カープ,4,4,4,0,0,0,0,0,0,0,1,0,0,0,0,1,0.000,0.000,0.000,0.000,2026/08/01
91895153,二俣 翔一,広島東洋カープ,27,58,54,11,8,1,1,1,17,5,21,1,1,1,1,1,0.204,0.228,0.315,0.543,2026/08/01
71675152,平川 蓮,広島東洋カープ,29,109,102,19,14,4,0,1,26,11,36,5,1,1,0,1,0.186,0.231,0.255,0.486,2026/08/01
11415157,名原 典彦,広島東洋カープ,47,211,198,51,37,7,4,3,75,13,30,7,3,2,1,1,0.258,0.292,0.379,0.671,2026/08/01
01405130,野間 峻祥,広島東洋カープ,32,81,70,16,14,2,0,0,18,3,10,9,1,0,1,0,0.229,0.321,0.257,0.578,2026/08/01
93395153,矢野 雅哉,広島東洋カープ,26,58,48,8,7,0,0,1,11,5,17,7,0,2,1,0,0.167,0.268,0.229,0.497,2026/08/01
01405138,林 晃汰,広島東洋カープ,8,13,11,0,0,0,0,0,0,0,3,2,0,0,0,1,0.000,0.154,0.000,0.154,2026/08/01
61065151,鈴木 健矢,広島東洋カープ,3,3,3,1,1,0,0,0,1,1,2,0,0,0,0,0,0.333,0.333,0.333,0.667,2026/08/01
73075152,ガルシア,阪神タイガース,4,7,6,0,0,0,0,0,0,0,2,1,0,0,0,0,0.000,0.143,0.000,0.143,2026/08/01
83585152,ディベイニー,阪神タイガース,5,8,7,1,1,0,0,0,1,0,3,1,0,0,0,0,0.143,0.250,0.143,0.393,2026/08/01
73975152,ルーカス,阪神タイガース,3,4,3,0,0,0,0,0,0,0,2,0,0,1,0,0,0.000,0.000,0.000,0.000,2026/08/01
71375150,伊原 陵人,阪神タイガース,5,10,9,1,1,0,0,0,1,1,5,0,0,1,0,0,0.111,0.111,0.111,0.222,2026/08/01
71375153,伊藤 将司,阪神タイガース,4,7,7,1,0,1,0,0,2,2,4,0,0,0,0,0,0.143,0.143,0.286,0.429,2026/08/01
41145157,井坪 陽生,阪神タイガース,2,2,2,0,0,0,0,0,0,0,1,0,0,0,0,0,0.000,0.000,0.000,0.000,2026/08/01
81185157,茨木 秀俊,阪神タイガース,1,2,1,0,0,0,0,0,0,0,0,1,0,0,0,0,0.000,0.500,0.000,0.500,2026/08/01
91595152,岡城 快生,阪神タイガース,12,32,31,5,3,2,0,0,7,1,10,0,1,0,0,0,0.161,0.188,0.226,0.413,2026/08/01
61965159,下村 海翔,阪神タイガース,3,5,5,0,0,0,0,0,0,1,2,0,0,0,0,0,0.000,0.000,0.000,0.000,2026/08/01
71075138,近本 光司,阪神タイガース,39,177,157,41,35,6,0,0,47,6,27,18,1,0,1,0,0.261,0.339,0.299,0.638,2026/08/01
81585136,熊谷 敬宥,阪神タイガース,42,143,130,29,25,4,0,0,33,11,37,6,0,7,0,0,0.223,0.257,0.254,0.511,2026/08/01
33335153,元山 飛優,阪神タイガース,14,37,29,9,9,0,0,0,9,1,7,4,0,3,1,0,0.310,0.382,0.310,0.693,2026/08/01
31935150,今朝丸 裕喜,阪神タイガース,2,3,3,0,0,0,0,0,0,0,3,0,0,0,0,0,0.000,0.000,0.000,0.000,2026/08/01
41045153,佐藤 輝明,阪神タイガース,91,389,337,107,57,26,2,22,203,65,100,48,1,0,3,4,0.318,0.401,0.602,1.003,2026/08/01
41745134,才木 浩人,阪神タイガース,14,34,25,2,2,0,0,0,2,1,15,2,0,7,0,0,0.080,0.148,0.080,0.228,2026/08/01
11915132,坂本 誠志郎,阪神タイガース,54,174,152,33,24,5,1,3,49,20,46,12,2,6,2,5,0.217,0.280,0.322,0.602,2026/08/01
81185134,糸原 健斗,阪神タイガース,11,11,11,1,0,1,0,0,2,0,5,0,0,0,0,1,0.091,0.091,0.182,0.273,2026/08/01
31535138,小幡 竜平,阪神タイガース,31,100,90,19,17,1,1,0,22,4,35,6,1,3,0,1,0.211,0.268,0.244,0.512,2026/08/01
71775151,小野寺 暖,阪神タイガース,10,13,13,2,2,0,0,0,2,1,6,0,0,0,0,1,0.154,0.154,0.154,0.308,2026/08/01
01305130,植田 海,阪神タイガース,2,3,1,0,0,0,0,0,0,1,0,2,0,0,0,0,0.000,0.667,0.000,0.667,2026/08/01
43145157,森下 翔太,阪神タイガース,91,396,342,98,52,21,1,24,193,58,53,38,12,0,4,13,0.287,0.374,0.564,0.938,2026/08/01
71275118,西 勇輝,阪神タイガース,5,9,9,0,0,0,0,0,0,0,2,0,0,0,0,1,0.000,0.000,0.000,0.000,2026/08/01
01105159,石黒 佑弥,阪神タイガース,1,1,1,0,0,0,0,0,0,0,0,0,0,0,0,0,0.000,0.000,0.000,0.000,2026/08/01
21825155,前川 右京,阪神タイガース,39,114,100,23,13,5,0,5,43,15,22,10,4,0,0,3,0.230,0.325,0.430,0.755,2026/08/01
57955159,早川 太貴,阪神タイガース,2,2,2,0,0,0,0,0,0,0,1,0,0,0,0,0,0.000,0.000,0.000,0.000,2026/08/01
13315153,村上 頌樹,阪神タイガース,16,38,33,2,2,0,0,0,2,0,23,1,0,4,0,1,0.061,0.088,0.061,0.149,2026/08/01
21325134,大山 悠輔,阪神タイガース,89,372,316,89,62,14,1,12,141,55,65,43,7,0,6,12,0.282,0.374,0.446,0.820,2026/08/01
41345136,大竹 耕太郎,阪神タイガース,10,21,19,3,3,0,0,0,3,0,9,0,0,2,0,0,0.158,0.158,0.158,0.316,2026/08/01
51455155,中川 勇斗,阪神タイガース,10,25,19,1,0,1,0,0,2,2,3,5,0,1,0,2,0.053,0.250,0.105,0.355,2026/08/01
41445153,中野 拓夢,阪神タイガース,91,379,332,95,84,10,1,0,107,18,60,26,2,16,3,5,0.286,0.339,0.322,0.661,2026/08/01
21925159,椎葉 剛,阪神タイガース,1,1,0,0,0,0,0,0,0,0,0,0,0,1,0,0,,,,,2026/08/01
91995136,島田 海吏,阪神タイガース,3,3,3,0,0,0,0,0,0,0,2,0,0,0,0,0,0.000,0.000,0.000,0.000,2026/08/01
31235150,嶋村 麟士朗,阪神タイガース,30,41,41,8,7,0,0,1,11,5,14,0,0,0,0,0,0.195,0.195,0.268,0.463,2026/08/01
21325139,梅野 隆太郎,阪神タイガース,19,65,59,12,9,2,0,1,17,3,17,1,3,1,1,2,0.203,0.250,0.288,0.538,2026/08/01
23325159,百﨑 蒼生,阪神タイガース,2,2,2,0,0,0,0,0,0,0,2,0,0,0,0,0,0.000,0.000,0.000,0.000,2026/08/01
61065137,伏見 寅威,阪神タイガース,34,101,90,19,17,2,0,0,21,10,19,4,2,4,1,1,0.211,0.258,0.233,0.491,2026/08/01
11815159,福島 圭音,阪神タイガース,54,139,123,29,22,7,0,0,36,4,24,9,5,2,0,3,0.236,0.314,0.293,0.607,2026/08/01
41745150,木下 里都,阪神タイガース,1,1,1,0,0,0,0,0,0,0,0,0,0,0,0,0,0.000,0.000,0.000,0.000,2026/08/01
31735138,木浪 聖也,阪神タイガース,44,131,120,28,24,3,0,1,34,14,32,9,1,0,1,2,0.233,0.290,0.283,0.573,2026/08/01
53355157,門別 啓人,阪神タイガース,1,2,2,0,0,0,0,0,0,0,1,0,0,0,0,0,0.000,0.000,0.000,0.000,2026/08/01
91295152,立石 正広,阪神タイガース,29,109,107,22,18,2,0,2,30,10,34,2,0,0,0,2,0.206,0.220,0.280,0.501,2026/08/01
51055153,榮枝 裕貴,阪神タイガース,1,1,1,0,0,0,0,0,0,0,1,0,0,0,0,0,0.000,0.000,0.000,0.000,2026/08/01
91495138,濱田 太貴,阪神タイガース,19,27,25,4,3,0,0,1,7,2,12,2,0,0,0,0,0.160,0.222,0.280,0.502,2026/08/01
91095136,髙橋 遥人,阪神タイガース,13,39,33,4,4,0,0,0,4,0,15,0,0,6,0,1,0.121,0.121,0.121,0.242,2026/08/01
41245153,髙寺 望夢,阪神タイガース,77,255,220,53,42,8,1,2,69,18,57,27,4,3,1,0,0.241,0.333,0.314,0.647,2026/08/01
23325152,カナリオ,埼玉西武ライオンズ,89,353,326,79,58,12,1,8,117,35,92,24,2,0,1,5,0.242,0.297,0.359,0.656,2026/08/01
53755150,ネビン,埼玉西武ライオンズ,59,245,217,59,30,14,0,15,118,36,43,17,4,0,7,2,0.272,0.327,0.544,0.870,2026/08/01
23925152,ワイナンス,埼玉西武ライオンズ,1,2,1,0,0,0,0,0,0,0,1,0,0,1,0,0,0.000,0.000,0.000,0.000,2026/08/01
41245130,外崎 修汰,埼玉西武ライオンズ,21,64,58,10,8,1,0,1,14,5,13,4,1,0,1,0,0.172,0.234,0.241,0.476,2026/08/01
51955151,岸 潤一郎,埼玉西武ライオンズ,50,120,106,22,15,5,1,1,32,9,29,6,2,4,2,2,0.208,0.259,0.302,0.561,2026/08/01
21025155,隅田 知一郎,埼玉西武ライオンズ,1,3,2,0,0,0,0,0,0,1,0,0,0,1,0,0,0.000,0.000,0.000,0.000,2026/08/01
51755115,栗山 巧,埼玉西武ライオンズ,10,10,9,1,1,0,0,0,1,0,1,1,0,0,0,0,0.111,0.200,0.111,0.311,2026/08/01
51755135,桑原 将志,埼玉西武ライオンズ,53,225,203,48,36,5,4,3,70,15,35,16,4,2,0,3,0.236,0.305,0.345,0.650,2026/08/01
71775134,源田 壮亮,埼玉西武ライオンズ,60,202,169,34,26,6,1,1,45,16,29,22,0,9,2,3,0.201,0.290,0.266,0.556,2026/08/01
81785155,古賀 悠斗,埼玉西武ライオンズ,63,189,159,46,35,6,1,4,66,24,38,22,1,6,1,5,0.289,0.377,0.415,0.792,2026/08/01
51055150,佐藤 太陽,埼玉西武ライオンズ,4,10,10,2,1,0,0,1,5,1,4,0,0,0,0,0,0.200,0.200,0.500,0.700,2026/08/01
83385153,山村 崇嘉,埼玉西武ライオンズ,17,48,43,8,7,0,0,1,11,5,5,4,0,1,0,2,0.186,0.255,0.256,0.511,2026/08/01
53555153,若林 楽人,埼玉西武ライオンズ,1,4,2,0,0,0,0,0,0,0,0,2,0,0,0,0,0.000,0.500,0.000,0.500,2026/08/01
51155152,秋山 俊,埼玉西武ライオンズ,5,14,14,2,2,0,0,0,2,0,2,0,0,0,0,0,0.143,0.143,0.143,0.286,2026/08/01
41745152,小島 大河,埼玉西武ライオンズ,58,212,201,50,40,6,0,4,68,19,22,8,0,1,2,3,0.249,0.275,0.338,0.613,2026/08/01
51455136,西川 愛也,埼玉西武ライオンズ,74,263,243,55,42,6,4,3,78,23,43,8,4,5,3,7,0.226,0.260,0.321,0.581,2026/08/01
21125134,石井 一成,埼玉西武ライオンズ,57,205,189,45,31,8,1,5,70,16,47,12,1,1,2,3,0.238,0.284,0.370,0.655,2026/08/01
93395159,村田 怜音,埼玉西武ライオンズ,4,10,9,0,0,0,0,0,0,0,5,1,0,0,0,1,0.000,0.100,0.000,0.100,2026/08/01
51255155,滝澤 夏央,埼玉西武ライオンズ,85,347,290,85,78,4,2,1,96,25,41,36,4,17,0,6,0.293,0.379,0.331,0.710,2026/08/01
61065157,茶野 篤政,埼玉西武ライオンズ,3,8,7,1,1,0,0,0,1,0,2,0,1,0,0,0,0.143,0.250,0.143,0.393,2026/08/01
61465153,仲三 優太,埼玉西武ライオンズ,11,35,31,4,3,0,0,1,7,3,17,4,0,0,0,0,0.129,0.229,0.226,0.454,2026/08/01
91495155,仲田 慶介,埼玉西武ライオンズ,5,12,12,1,0,0,1,0,3,0,2,0,0,0,0,0,0.083,0.083,0.250,0.333,2026/08/01
81685153,長谷川 信哉,埼玉西武ライオンズ,63,236,210,60,35,16,0,9,103,30,43,13,6,6,1,3,0.286,0.343,0.490,0.834,2026/08/01
61265151,柘植 世那,埼玉西武ライオンズ,16,40,36,11,9,2,0,0,13,1,7,1,0,3,0,2,0.306,0.324,0.361,0.685,2026/08/01
83385150,渡部 聖弥,埼玉西武ライオンズ,94,392,370,97,74,15,1,7,135,38,65,14,6,0,2,11,0.262,0.298,0.365,0.663,2026/08/01
53155138,渡邉 勇太朗,埼玉西武ライオンズ,2,5,4,0,0,0,0,0,0,0,2,0,0,1,0,0,0.000,0.000,0.000,0.000,2026/08/01
61665157,蛭間 拓哉,埼玉西武ライオンズ,15,44,41,14,7,5,2,0,23,3,8,0,0,3,0,0,0.341,0.341,0.561,0.902,2026/08/01
51255159,武内 夏暉,埼玉西武ライオンズ,2,4,3,0,0,0,0,0,0,0,2,0,0,1,0,0,0.000,0.000,0.000,0.000,2026/08/01
91695132,平沢 大河,埼玉西武ライオンズ,57,210,190,51,38,11,0,2,68,15,35,16,2,1,1,1,0.268,0.330,0.358,0.688,2026/08/01
31035136,平良 海馬,埼玉西武ライオンズ,2,6,6,1,1,0,0,0,1,0,4,0,0,0,0,0,0.167,0.167,0.167,0.333,2026/08/01
33935152,林 安可,埼玉西武ライオンズ,54,186,166,38,21,11,0,6,67,20,43,12,7,0,1,4,0.229,0.306,0.404,0.710,2026/08/01
71075130,髙橋 光成,埼玉西武ライオンズ,1,3,3,1,1,0,0,0,1,0,2,0,0,0,0,0,0.333,0.333,0.333,0.667,2026/08/01
43745159,ジャクソン,千葉ロッテマリーンズ,2,5,5,1,1,0,0,0,1,0,2,0,0,0,0,0,0.200,0.200,0.200,0.400,2026/08/01
03505136,ソト,千葉ロッテマリーンズ,83,284,255,61,36,12,0,13,112,36,70,22,5,0,2,6,0.239,0.310,0.439,0.749,2026/08/01
63065155,ポランコ,千葉ロッテマリーンズ,52,149,133,25,12,8,0,5,48,14,43,14,0,0,2,2,0.188,0.262,0.361,0.623,2026/08/01
03905152,ロング,千葉ロッテマリーンズ,1,2,2,0,0,0,0,0,0,0,1,0,0,0,0,0,0.000,0.000,0.000,0.000,2026/08/01
31535132,愛斗,千葉ロッテマリーンズ,26,76,72,16,12,2,1,1,23,9,16,1,1,2,0,3,0.222,0.243,0.319,0.563,2026/08/01
81885136,安田 尚憲,千葉ロッテマリーンズ,38,114,104,26,17,6,0,3,41,14,26,8,1,0,1,3,0.250,0.307,0.394,0.701,2026/08/01
31335151,井上 広大,千葉ロッテマリーンズ,29,67,64,9,5,1,0,3,19,6,26,2,0,0,1,1,0.141,0.164,0.297,0.461,2026/08/01
11515139,岡 大海,千葉ロッテマリーンズ,24,50,45,6,5,1,0,0,7,0,14,4,0,1,0,1,0.133,0.204,0.156,0.360,2026/08/01
41545114,角中 勝也,千葉ロッテマリーンズ,9,17,15,1,1,0,0,0,1,0,6,1,1,0,0,0,0.067,0.176,0.067,0.243,2026/08/01
81885150,宮崎 竜成,千葉ロッテマリーンズ,18,29,28,4,2,1,0,1,8,1,11,1,0,0,0,0,0.143,0.172,0.286,0.458,2026/08/01
71075151,佐藤 都志也,千葉ロッテマリーンズ,83,288,247,58,35,11,0,12,105,39,55,34,4,0,3,2,0.235,0.333,0.425,0.758,2026/08/01
91895138,山口 航輝,千葉ロッテマリーンズ,62,224,205,58,28,12,1,17,123,41,51,14,4,0,1,3,0.283,0.339,0.600,0.939,2026/08/01
33535153,山本 大斗,千葉ロッテマリーンズ,39,96,85,17,12,4,0,1,24,6,18,7,3,0,1,1,0.200,0.281,0.282,0.564,2026/08/01
73175136,山﨑 剛,千葉ロッテマリーンズ,21,56,49,12,11,1,0,0,13,1,14,4,1,1,1,0,0.245,0.309,0.265,0.574,2026/08/01
51455159,寺地 隆成,千葉ロッテマリーンズ,68,248,220,39,32,4,0,3,52,15,43,22,2,1,3,2,0.177,0.255,0.236,0.491,2026/08/01
11715153,小川 龍成,千葉ロッテマリーンズ,88,328,303,82,74,6,2,0,92,12,53,12,4,9,0,2,0.271,0.307,0.304,0.611,2026/08/01
11515138,小島 和哉,千葉ロッテマリーンズ,1,3,3,0,0,0,0,0,0,0,3,0,0,0,0,0,0.000,0.000,0.000,0.000,2026/08/01
53155155,松川 虎生,千葉ロッテマリーンズ,30,75,70,15,13,2,0,0,17,6,16,1,0,4,0,0,0.214,0.225,0.243,0.468,2026/08/01
71375159,上田 希由翔,千葉ロッテマリーンズ,34,105,98,20,12,3,0,5,38,10,27,7,0,0,0,4,0.204,0.257,0.388,0.645,2026/08/01
21625150,西川 史礁,千葉ロッテマリーンズ,87,378,341,102,72,22,1,7,147,39,61,31,6,0,0,9,0.299,0.368,0.431,0.799,2026/08/01
41145134,石垣 勝海,千葉ロッテマリーンズ,2,4,4,1,1,0,0,0,1,1,1,0,0,0,0,0,0.250,0.250,0.250,0.500,2026/08/01
01105135,石川 慎吾,千葉ロッテマリーンズ,13,34,30,4,2,1,0,1,8,7,15,3,1,0,0,1,0.133,0.235,0.267,0.502,2026/08/01
21125155,池田 来翔,千葉ロッテマリーンズ,38,75,72,18,13,4,1,0,24,1,15,1,0,2,0,1,0.250,0.260,0.333,0.594,2026/08/01
41945137,田村 龍弘,千葉ロッテマリーンズ,2,3,3,0,0,0,0,0,0,0,2,0,0,0,0,0,0.000,0.000,0.000,0.000,2026/08/01
01005157,田中 晴也,千葉ロッテマリーンズ,1,2,2,0,0,0,0,0,0,0,2,0,0,0,0,0,0.000,0.000,0.000,0.000,2026/08/01
41645136,藤岡 裕大,千葉ロッテマリーンズ,8,26,22,3,3,0,0,0,3,1,7,2,0,1,1,1,0.136,0.200,0.136,0.336,2026/08/01
31635138,藤原 恭大,千葉ロッテマリーンズ,58,257,221,64,48,10,1,5,91,31,44,26,9,0,1,5,0.290,0.385,0.412,0.797,2026/08/01
73175152,毛利 海大,千葉ロッテマリーンズ,2,2,2,0,0,0,0,0,0,0,1,0,0,0,0,0,0.000,0.000,0.000,0.000,2026/08/01
71275157,友杉 篤輝,千葉ロッテマリーンズ,76,263,241,60,53,6,1,0,68,16,38,14,0,8,0,5,0.249,0.290,0.282,0.572,2026/08/01
33335136,和田 康士朗,千葉ロッテマリーンズ,13,29,23,5,5,0,0,0,5,1,5,4,0,2,0,0,0.217,0.333,0.217,0.551,2026/08/01
81685150,廣池 康志郎,千葉ロッテマリーンズ,2,4,2,0,0,0,0,0,0,0,1,0,0,2,0,0,0.000,0.000,0.000,0.000,2026/08/01
01905152,櫻井 ユウヤ,千葉ロッテマリーンズ,2,2,2,0,0,0,0,0,0,0,2,0,0,0,0,0,0.000,0.000,0.000,0.000,2026/08/01
11215151,髙部 瑛斗,千葉ロッテマリーンズ,42,130,122,26,24,2,0,0,28,2,25,8,0,0,0,0,0.213,0.262,0.230,0.491,2026/08/01
93795157,カリステ,中日ドラゴンズ,26,67,61,12,9,2,0,1,17,3,20,6,0,0,0,2,0.197,0.269,0.279,0.547,2026/08/01
73575152,サノー,中日ドラゴンズ,51,190,164,38,21,4,0,13,81,25,53,22,2,0,2,3,0.232,0.326,0.494,0.820,2026/08/01
71875155,ブライト 健太,中日ドラゴンズ,5,15,14,1,1,0,0,0,1,0,7,1,0,0,0,1,0.071,0.133,0.071,0.205,2026/08/01
83785150,ボスラー,中日ドラゴンズ,61,216,199,38,27,5,1,5,60,16,63,12,3,0,2,2,0.191,0.245,0.302,0.547,2026/08/01
13915150,マラー,中日ドラゴンズ,11,23,23,3,2,0,0,1,6,3,12,0,0,0,0,0,0.130,0.130,0.261,0.391,2026/08/01
03005159,ロドリゲス,中日ドラゴンズ,1,2,2,0,0,0,0,0,0,0,2,0,0,0,0,0,0.000,0.000,0.000,0.000,2026/08/01
61165132,阿部 寿樹,中日ドラゴンズ,54,113,95,26,18,5,0,3,40,19,29,15,1,1,1,4,0.274,0.375,0.421,0.796,2026/08/01
71375155,鵜飼 航丞,中日ドラゴンズ,49,164,155,38,27,6,0,5,59,22,46,7,2,0,0,5,0.245,0.287,0.381,0.667,2026/08/01
81585151,岡林 勇希,中日ドラゴンズ,48,211,187,44,35,8,0,1,55,13,23,16,2,2,4,1,0.235,0.297,0.294,0.591,2026/08/01
41545130,加藤 匠馬,中日ドラゴンズ,18,50,44,6,5,1,0,0,7,1,14,4,0,2,0,0,0.136,0.208,0.159,0.367,2026/08/01
61465152,花田 旭,中日ドラゴンズ,15,56,53,12,8,3,0,1,18,5,18,2,0,0,1,1,0.226,0.250,0.340,0.590,2026/08/01
61565150,金丸 夢斗,中日ドラゴンズ,16,35,34,2,2,0,0,0,2,0,16,0,0,1,0,1,0.059,0.059,0.059,0.118,2026/08/01
91095135,高橋 周平,中日ドラゴンズ,45,99,86,23,21,2,0,0,25,5,28,11,1,1,0,2,0.267,0.357,0.291,0.648,2026/08/01
31835134,細川 成也,中日ドラゴンズ,96,403,331,76,47,11,1,17,140,49,106,63,6,0,3,8,0.230,0.360,0.423,0.783,2026/08/01
93195132,山本 泰寛,中日ドラゴンズ,27,69,59,11,9,1,0,1,15,4,13,6,0,4,0,0,0.186,0.262,0.254,0.516,2026/08/01
21225137,松葉 貴大,中日ドラゴンズ,2,4,4,0,0,0,0,0,0,0,2,0,0,0,0,0,0.000,0.000,0.000,0.000,2026/08/01
21125150,石伊 雄太,中日ドラゴンズ,69,257,237,62,42,12,1,7,97,25,62,10,5,3,2,3,0.262,0.303,0.409,0.712,2026/08/01
91195138,石橋 康太,中日ドラゴンズ,3,3,3,0,0,0,0,0,0,0,2,0,0,0,0,0,0.000,0.000,0.000,0.000,2026/08/01
91195151,石川 昂弥,中日ドラゴンズ,58,211,192,51,31,13,0,7,85,29,48,18,1,0,0,5,0.266,0.332,0.443,0.774,2026/08/01
81585132,川越 誠司,中日ドラゴンズ,4,4,4,2,0,2,0,0,4,1,1,0,0,0,0,0,0.500,0.500,1.000,1.500,2026/08/01
03105157,村松 開人,中日ドラゴンズ,93,386,320,78,57,11,5,5,114,35,66,51,3,7,5,9,0.244,0.348,0.356,0.705,2026/08/01
01305131,大島 洋平,中日ドラゴンズ,21,66,62,12,10,1,1,0,15,2,13,4,0,0,0,1,0.194,0.242,0.242,0.484,2026/08/01
11515133,大野 雄大,中日ドラゴンズ,13,31,24,0,0,0,0,0,0,0,16,1,0,6,0,1,0.000,0.040,0.000,0.040,2026/08/01
91095138,知野 直人,中日ドラゴンズ,3,3,3,0,0,0,0,0,0,0,2,0,0,0,0,0,0.000,0.000,0.000,0.000,2026/08/01
51455152,中西 聖輝,中日ドラゴンズ,7,13,12,1,0,1,0,0,2,0,7,0,0,1,0,0,0.083,0.083,0.167,0.250,2026/08/01
61265159,辻本 倫太郎,中日ドラゴンズ,11,18,17,3,2,0,1,0,5,0,3,0,0,1,0,0,0.176,0.176,0.294,0.471,2026/08/01
21025157,田中 幹也,中日ドラゴンズ,69,247,213,50,40,9,1,0,61,11,25,17,3,12,2,2,0.235,0.298,0.286,0.584,2026/08/01
51455153,土田 龍空,中日ドラゴンズ,18,42,38,6,4,0,0,2,12,4,11,3,1,0,0,0,0.158,0.238,0.316,0.554,2026/08/01
91395132,板山 祐太郎,中日ドラゴンズ,60,174,157,39,23,8,2,6,69,23,40,15,1,0,1,4,0.248,0.316,0.439,0.756,2026/08/01
21625157,樋口 正修,中日ドラゴンズ,2,3,3,1,1,0,0,0,1,0,1,0,0,0,0,0,0.333,0.333,0.333,0.667,2026/08/01
71575159,尾田 剛樹,中日ドラゴンズ,8,10,8,1,1,0,0,0,1,0,5,1,0,1,0,0,0.125,0.222,0.125,0.347,2026/08/01
81685157,福永 裕基,中日ドラゴンズ,66,232,205,52,43,7,0,2,65,13,44,23,4,0,0,3,0.254,0.341,0.317,0.658,2026/08/01
83185155,味谷 大誠,中日ドラゴンズ,3,4,4,1,1,0,0,0,1,0,1,0,0,0,0,0,0.250,0.250,0.250,0.500,2026/08/01
31735132,木下 拓哉,中日ドラゴンズ,20,63,61,17,14,3,0,0,20,3,12,1,1,0,0,0,0.279,0.302,0.328,0.629,2026/08/01
63165134,柳 裕也,中日ドラゴンズ,15,35,27,2,2,0,0,0,2,0,7,0,0,8,0,0,0.074,0.074,0.074,0.148,2026/08/01
31635110,涌井 秀章,中日ドラゴンズ,5,11,9,0,0,0,0,0,0,0,9,1,0,1,0,0,0.000,0.100,0.000,0.100,2026/08/01
21925152,櫻井 頼之介,中日ドラゴンズ,8,13,11,0,0,0,0,0,0,0,8,1,0,1,0,0,0.000,0.083,0.000,0.083,2026/08/01
61265153,髙橋 宏斗,中日ドラゴンズ,10,22,17,4,4,0,0,0,4,3,7,1,0,4,0,0,0.235,0.278,0.235,0.513,2026/08/01
63965150,ウォルターズ,東京ヤクルトスワローズ,4,7,6,0,0,0,0,0,0,0,4,0,0,1,0,0,0.000,0.000,0.000,0.000,2026/08/01
23525153,オスナ,東京ヤクルトスワローズ,57,217,198,42,32,7,0,3,58,18,40,17,0,0,2,7,0.212,0.272,0.293,0.565,2026/08/01
53755153,サンタナ,東京ヤクルトスワローズ,87,324,271,70,36,19,0,15,134,35,83,49,3,0,1,8,0.258,0.377,0.494,0.871,2026/08/01
13915157,セデーニョ,東京ヤクルトスワローズ,10,28,27,5,3,2,0,0,7,2,4,1,0,0,0,0,0.185,0.214,0.259,0.474,2026/08/01
93195150,モイセエフ ニキータ,東京ヤクルトスワローズ,4,6,4,0,0,0,0,0,0,0,1,2,0,0,0,0,0.000,0.333,0.000,0.333,2026/08/01
23125157,モンテル,東京ヤクルトスワローズ,27,68,64,21,16,4,0,1,28,4,15,4,0,0,0,1,0.328,0.368,0.438,0.805,2026/08/01
81185159,伊藤 琉偉,東京ヤクルトスワローズ,40,106,97,15,11,1,1,2,24,7,35,6,1,2,0,3,0.155,0.212,0.247,0.459,2026/08/01
71975136,塩見 泰隆,東京ヤクルトスワローズ,33,78,73,13,8,3,0,2,22,5,26,4,0,0,1,1,0.178,0.218,0.301,0.519,2026/08/01
31735151,奥川 恭伸,東京ヤクルトスワローズ,12,27,27,1,1,0,0,0,1,1,20,0,0,0,0,1,0.037,0.037,0.037,0.074,2026/08/01
93195155,丸山 和郁,東京ヤクルトスワローズ,33,110,104,35,26,6,1,2,49,9,17,5,0,0,1,0,0.337,0.364,0.471,0.835,2026/08/01
51355155,岩田 幸宏,東京ヤクルトスワローズ,80,304,286,71,60,9,1,1,85,17,58,13,2,2,1,2,0.248,0.285,0.297,0.582,2026/08/01
53555157,吉村 貢司郎,東京ヤクルトスワローズ,12,27,25,1,1,0,0,0,1,0,12,1,0,1,0,0,0.040,0.077,0.040,0.117,2026/08/01
01805136,宮本 丈,東京ヤクルトスワローズ,23,26,24,8,6,1,0,1,12,4,8,1,1,0,0,1,0.333,0.385,0.500,0.885,2026/08/01
11615157,橋本 星哉,東京ヤクルトスワローズ,9,15,13,1,0,1,0,0,2,1,3,1,0,0,1,0,0.077,0.133,0.154,0.287,2026/08/01
01705134,古賀 優大,東京ヤクルトスワローズ,61,226,208,53,45,6,1,1,64,26,22,5,6,4,3,7,0.255,0.288,0.308,0.596,2026/08/01
51055132,高橋 奎二,東京ヤクルトスワローズ,9,17,16,1,0,1,0,0,2,1,5,0,0,1,0,0,0.063,0.063,0.125,0.188,2026/08/01
21925139,高梨 裕稔,東京ヤクルトスワローズ,9,20,20,2,1,1,0,0,3,3,15,0,0,0,0,1,0.100,0.100,0.150,0.250,2026/08/01
63365153,山野 太一,東京ヤクルトスワローズ,14,33,32,3,3,0,0,0,3,3,19,0,0,0,1,0,0.094,0.091,0.094,0.185,2026/08/01
21825138,山野辺 翔,東京ヤクルトスワローズ,6,19,18,4,3,0,1,0,6,3,2,1,0,0,0,0,0.222,0.263,0.333,0.596,2026/08/01
11515137,小川 泰弘,東京ヤクルトスワローズ,6,12,12,2,2,0,0,0,2,1,5,0,0,0,0,0,0.167,0.167,0.167,0.333,2026/08/01
01705132,小澤 怜史,東京ヤクルトスワローズ,1,1,1,0,0,0,0,0,0,0,0,0,0,0,0,0,0.000,0.000,0.000,0.000,2026/08/01
61865152,松下 歩叶,東京ヤクルトスワローズ,22,66,63,12,9,2,0,1,17,4,19,1,2,0,0,0,0.190,0.227,0.270,0.497,2026/08/01
03105159,松本 健吾,東京ヤクルトスワローズ,11,21,21,3,3,0,0,0,3,2,13,0,0,0,0,0,0.143,0.143,0.143,0.286,2026/08/01
51855136,松本 直樹,東京ヤクルトスワローズ,3,6,6,1,1,0,0,0,1,0,0,0,0,0,0,0,0.167,0.167,0.167,0.333,2026/08/01
11615159,西舘 昂汰,東京ヤクルトスワローズ,1,1,0,0,0,0,0,0,0,0,0,0,0,1,0,0,,,,,2026/08/01
41145152,石井 巧,東京ヤクルトスワローズ,20,55,47,7,4,2,0,1,12,2,16,7,0,1,0,0,0.149,0.259,0.255,0.515,2026/08/01
41145159,石原 勇輝,東京ヤクルトスワローズ,1,1,1,0,0,0,0,0,0,0,1,0,0,0,0,0,0.000,0.000,0.000,0.000,2026/08/01
51155153,赤羽 由紘,東京ヤクルトスワローズ,56,197,181,43,30,9,0,4,64,16,57,13,0,3,0,2,0.238,0.289,0.354,0.642,2026/08/01
01805152,増居 翔太,東京ヤクルトスワローズ,2,2,1,0,0,0,0,0,0,0,1,0,0,1,0,0,0.000,0.000,0.000,0.000,2026/08/01
11815136,増田 珠,東京ヤクルトスワローズ,74,257,228,65,52,7,0,6,90,26,43,23,3,0,3,6,0.285,0.354,0.395,0.749,2026/08/01
51255118,中村 悠平,東京ヤクルトスワローズ,29,65,58,11,6,5,0,0,16,1,5,4,1,2,0,3,0.190,0.254,0.276,0.530,2026/08/01
51455151,長岡 秀樹,東京ヤクルトスワローズ,76,319,286,75,59,12,1,3,98,18,43,27,2,2,2,6,0.262,0.328,0.343,0.671,2026/08/01
01405150,田中 陽翔,東京ヤクルトスワローズ,22,44,43,9,8,1,0,0,10,3,13,1,0,0,0,0,0.209,0.227,0.233,0.460,2026/08/01
91595153,内山 壮真,東京ヤクルトスワローズ,55,219,191,41,27,9,0,5,65,18,41,25,2,0,1,6,0.215,0.311,0.340,0.651,2026/08/01
71275151,武岡 龍世,東京ヤクルトスワローズ,72,227,205,47,30,13,1,3,71,21,59,19,1,1,1,4,0.229,0.296,0.346,0.643,2026/08/01
91695153,並木 秀尊,東京ヤクルトスワローズ,14,45,44,12,11,0,0,1,15,2,7,1,0,0,0,0,0.273,0.289,0.341,0.630,2026/08/01
01505157,北村 恵吾,東京ヤクルトスワローズ,7,12,12,1,1,0,0,0,1,1,5,0,0,0,0,1,0.083,0.083,0.083,0.167,2026/08/01
61865132,茂木 栄五郎,東京ヤクルトスワローズ,17,39,30,7,6,1,0,0,8,2,9,7,1,1,0,0,0.233,0.395,0.267,0.661,2026/08/01
43145150,矢野 泰二郎,東京ヤクルトスワローズ,3,5,4,1,1,0,0,0,1,0,0,1,0,0,0,0,0.250,0.400,0.250,0.650,2026/08/01
01005159,鈴木 叶,東京ヤクルトスワローズ,23,83,80,17,12,2,2,1,26,10,18,3,0,0,0,1,0.213,0.241,0.325,0.566,2026/08/01
51955157,澤井 廉,東京ヤクルトスワローズ,11,27,24,4,2,1,0,1,8,2,8,1,2,0,0,0,0.167,0.259,0.333,0.593,2026/08/01
43345155,YG安田,東北楽天ゴールデンイーグルス,27,81,77,20,14,2,1,3,33,9,23,4,0,0,0,4,0.260,0.296,0.429,0.725,2026/08/01
93095150,ゴンザレス,東北楽天ゴールデンイーグルス,3,8,8,1,1,0,0,0,1,0,6,0,0,0,0,0,0.125,0.125,0.125,0.250,2026/08/01
03005150,ボイト,東北楽天ゴールデンイーグルス,20,74,67,8,5,3,0,0,11,3,19,4,2,0,1,3,0.119,0.189,0.164,0.353,2026/08/01
73775152,マッカスカー,東北楽天ゴールデンイーグルス,53,204,180,47,27,6,1,13,94,36,66,23,0,0,1,6,0.261,0.343,0.522,0.865,2026/08/01
13515159,ワォーターズ,東北楽天ゴールデンイーグルス,5,14,14,4,3,1,0,0,5,0,5,0,0,0,0,0,0.286,0.286,0.357,0.643,2026/08/01
81185116,伊藤 光,東北楽天ゴールデンイーグルス,19,36,30,4,3,0,0,1,7,2,10,3,1,2,0,0,0.133,0.235,0.233,0.469,2026/08/01
41145138,伊藤 裕季也,東北楽天ゴールデンイーグルス,19,53,48,9,3,3,0,3,21,8,17,4,0,0,1,3,0.188,0.245,0.438,0.683,2026/08/01
91795114,岸 孝之,東北楽天ゴールデンイーグルス,1,1,1,0,0,0,0,0,0,0,0,0,0,0,0,0,0.000,0.000,0.000,0.000,2026/08/01
43545155,吉野 創士,東北楽天ゴールデンイーグルス,7,9,9,1,1,0,0,0,1,0,3,0,0,0,0,0,0.111,0.111,0.111,0.222,2026/08/01
11715152,金子 京介,東北楽天ゴールデンイーグルス,1,2,2,0,0,0,0,0,0,0,2,0,0,0,0,0,0.000,0.000,0.000,0.000,2026/08/01
21725159,古謝 樹,東北楽天ゴールデンイーグルス,2,3,3,0,0,0,0,0,0,0,2,0,0,0,0,0,0.000,0.000,0.000,0.000,2026/08/01
01905151,黒川 史陽,東北楽天ゴールデンイーグルス,90,361,319,79,67,10,1,1,94,18,50,36,0,4,2,4,0.248,0.322,0.295,0.617,2026/08/01
91095151,佐藤 直樹,東北楽天ゴールデンイーグルス,45,174,167,46,27,12,1,6,78,17,53,6,0,0,1,2,0.275,0.299,0.467,0.766,2026/08/01
71975152,阪上 翔也,東北楽天ゴールデンイーグルス,3,7,7,0,0,0,0,0,0,0,4,0,0,0,0,0,0.000,0.000,0.000,0.000,2026/08/01
53155150,宗山 塁,東北楽天ゴールデンイーグルス,18,66,59,10,7,2,0,1,15,6,6,7,0,0,0,3,0.169,0.258,0.254,0.512,2026/08/01
81385138,小郷 裕哉,東北楽天ゴールデンイーグルス,35,110,104,24,21,2,1,0,28,6,26,5,0,1,0,4,0.231,0.266,0.269,0.535,2026/08/01
51955155,小森 航大郎,東北楽天ゴールデンイーグルス,3,7,6,0,0,0,0,0,0,1,5,0,0,0,1,0,0.000,0.000,0.000,0.000,2026/08/01
61965151,小深田 大翔,東北楽天ゴールデンイーグルス,39,121,107,21,19,0,2,0,25,5,30,8,1,5,0,1,0.196,0.259,0.234,0.492,2026/08/01
61165134,石原 彪,東北楽天ゴールデンイーグルス,5,12,9,2,2,0,0,0,2,1,0,2,0,1,0,0,0.222,0.364,0.222,0.586,2026/08/01
51155118,浅村 栄斗,東北楽天ゴールデンイーグルス,85,324,278,60,44,8,0,8,92,32,70,39,3,0,4,10,0.216,0.315,0.331,0.646,2026/08/01
51655114,前田 健太,東北楽天ゴールデンイーグルス,1,1,1,0,0,0,0,0,0,0,1,0,0,0,0,0,0.000,0.000,0.000,0.000,2026/08/01
31835153,早川 隆久,東北楽天ゴールデンイーグルス,1,2,1,0,0,0,0,0,0,0,0,0,0,1,0,0,0.000,0.000,0.000,0.000,2026/08/01
21925157,荘司 康誠,東北楽天ゴールデンイーグルス,2,4,3,0,0,0,0,0,0,0,2,0,0,1,0,0,0.000,0.000,0.000,0.000,2026/08/01
41845132,村林 一輝,東北楽天ゴールデンイーグルス,90,360,323,91,73,12,2,4,119,40,55,30,1,3,3,15,0.282,0.342,0.368,0.710,2026/08/01
71375138,太田 光,東北楽天ゴールデンイーグルス,64,192,173,38,33,3,0,2,47,9,47,14,0,3,2,4,0.220,0.275,0.272,0.547,2026/08/01
31235151,瀧中 瞭太,東北楽天ゴールデンイーグルス,2,4,3,0,0,0,0,0,0,0,2,1,0,0,0,1,0.000,0.250,0.000,0.250,2026/08/01
11015138,辰己 涼介,東北楽天ゴールデンイーグルス,91,388,338,95,67,16,3,9,144,32,81,41,5,1,3,11,0.281,0.364,0.426,0.790,2026/08/01
21425159,中島 大輔,東北楽天ゴールデンイーグルス,68,237,212,56,36,17,2,1,80,15,27,14,3,8,0,3,0.264,0.319,0.377,0.696,2026/08/01
73175138,渡邊 佳明,東北楽天ゴールデンイーグルス,51,138,122,33,25,7,0,1,43,17,23,11,0,5,0,4,0.270,0.331,0.352,0.683,2026/08/01
41345153,入江 大樹,東北楽天ゴールデンイーグルス,9,17,16,4,4,0,0,0,4,0,3,1,0,0,0,0,0.250,0.294,0.250,0.544,2026/08/01
61965152,繁永 晟,東北楽天ゴールデンイーグルス,10,27,26,5,4,0,1,0,7,2,1,1,0,0,0,0,0.192,0.222,0.269,0.491,2026/08/01
01805151,武藤 敦貴,東北楽天ゴールデンイーグルス,13,25,21,4,3,1,0,0,5,2,4,3,0,0,1,0,0.190,0.280,0.238,0.518,2026/08/01
11015157,平良 竜哉,東北楽天ゴールデンイーグルス,56,197,184,46,35,3,0,8,73,18,31,7,4,2,0,5,0.250,0.292,0.397,0.689,2026/08/01
11815132,堀内 謙伍,東北楽天ゴールデンイーグルス,21,60,50,10,6,4,0,0,14,1,13,6,3,1,0,0,0.200,0.322,0.280,0.602,2026/08/01
53355150,陽 柏翔,東北楽天ゴールデンイーグルス,1,1,1,0,0,0,0,0,0,0,1,0,0,0,0,0,0.000,0.000,0.000,0.000,2026/08/01
81985135,鈴木 大地,東北楽天ゴールデンイーグルス,31,55,49,8,6,2,0,0,10,3,10,3,1,2,0,0,0.163,0.226,0.204,0.430,2026/08/01
53355152,ウィットリー,読売ジャイアンツ,13,26,22,1,1,0,0,0,1,1,14,2,0,2,0,0,0.045,0.125,0.045,0.170,2026/08/01
73575150,キャベッジ,読売ジャイアンツ,89,329,306,74,48,13,0,13,126,29,104,19,4,0,0,7,0.242,0.295,0.412,0.707,2026/08/01
63565152,ダルベック,読売ジャイアンツ,90,367,328,87,53,16,1,17,156,55,113,35,1,0,3,5,0.265,0.335,0.476,0.811,2026/08/01
13015153,ティマ,読売ジャイアンツ,10,30,30,3,3,0,0,0,3,0,10,0,0,0,0,1,0.100,0.100,0.100,0.200,2026/08/01
23725150,ハワード,読売ジャイアンツ,3,4,4,0,0,0,0,0,0,0,3,0,0,0,0,0,0.000,0.000,0.000,0.000,2026/08/01
53755152,マタ,読売ジャイアンツ,4,7,6,0,0,0,0,0,0,0,3,0,0,1,0,0,0.000,0.000,0.000,0.000,2026/08/01
11015136,リチャード,読売ジャイアンツ,8,21,18,1,0,0,0,1,4,1,11,3,0,0,0,0,0.056,0.190,0.222,0.413,2026/08/01
51355151,井上 温大,読売ジャイアンツ,12,27,24,1,1,0,0,0,1,2,11,0,0,1,2,0,0.042,0.038,0.042,0.080,2026/08/01
01305159,宇都宮 葵星,読売ジャイアンツ,2,2,2,1,1,0,0,0,1,0,0,0,0,0,0,0,0.500,0.500,0.500,1.000,2026/08/01
81385150,浦田 俊輔,読売ジャイアンツ,78,313,280,78,66,11,1,0,91,17,39,19,5,7,2,4,0.279,0.333,0.325,0.658,2026/08/01
33135152,皆川 岳飛,読売ジャイアンツ,6,9,8,1,1,0,0,0,1,0,2,1,0,0,0,0,0.125,0.222,0.125,0.347,2026/08/01
21425116,丸 佳浩,読売ジャイアンツ,43,79,70,11,7,2,0,2,19,12,17,9,0,0,0,0,0.157,0.253,0.271,0.525,2026/08/01
91595136,岸田 行倫,読売ジャイアンツ,52,183,163,41,33,4,0,4,57,15,32,11,3,4,2,4,0.252,0.307,0.350,0.657,2026/08/01
73375134,吉川 尚輝,読売ジャイアンツ,38,140,133,33,29,3,0,1,39,7,22,6,1,0,0,3,0.248,0.286,0.293,0.579,2026/08/01
41045138,戸郷 翔征,読売ジャイアンツ,7,16,12,3,2,1,0,0,4,1,5,1,0,3,0,0,0.250,0.308,0.333,0.641,2026/08/01
91595133,甲斐 拓也,読売ジャイアンツ,4,6,5,0,0,0,0,0,0,0,3,0,0,1,0,0,0.000,0.000,0.000,0.000,2026/08/01
51955159,佐々木 俊輔,読売ジャイアンツ,67,221,202,53,31,14,0,8,91,25,54,14,2,3,0,3,0.262,0.317,0.450,0.767,2026/08/01
51955114,坂本 勇人,読売ジャイアンツ,46,113,101,15,9,2,0,4,29,14,32,11,0,0,1,2,0.149,0.230,0.287,0.517,2026/08/01
21925155,笹原 操希,読売ジャイアンツ,21,65,61,15,7,6,0,2,27,10,18,3,0,1,0,4,0.246,0.281,0.443,0.724,2026/08/01
03105151,山瀬 慎之助,読売ジャイアンツ,9,20,20,4,2,1,0,1,8,2,9,0,0,0,0,0,0.200,0.200,0.400,0.600,2026/08/01
03305153,山﨑 伊織,読売ジャイアンツ,2,5,3,1,0,1,0,0,2,0,1,1,0,1,0,0,0.333,0.500,0.667,1.167,2026/08/01
53555153,若林 楽人,埼玉西武ライオンズ,1,4,2,0,0,0,0,0,0,0,0,2,0,0,0,0,0.000,0.500,0.000,0.500,2026/08/01
71575132,小笠原 慎之介,読売ジャイアンツ,2,4,4,0,0,0,0,0,0,0,4,0,0,0,0,0,0.000,0.000,0.000,0.000,2026/08/01
91795139,小林 誠司,読売ジャイアンツ,7,11,9,1,0,1,0,0,2,0,3,2,0,0,0,1,0.111,0.273,0.222,0.495,2026/08/01
61765152,小濱 佑斗,読売ジャイアンツ,13,39,35,8,5,1,1,1,14,7,7,4,0,0,0,1,0.229,0.308,0.400,0.708,2026/08/01
21625135,松本 剛,読売ジャイアンツ,73,265,235,65,55,9,0,1,77,13,37,14,4,12,0,5,0.277,0.328,0.328,0.656,2026/08/01
43345159,森田 駿哉,読売ジャイアンツ,2,3,2,0,0,0,0,0,0,0,0,1,0,0,0,0,0.000,0.333,0.000,0.333,2026/08/01
31635159,西舘 勇陽,読売ジャイアンツ,4,8,8,1,1,0,0,0,1,0,5,0,0,0,0,0,0.125,0.125,0.125,0.250,2026/08/01
61165150,石塚 裕惺,読売ジャイアンツ,9,33,30,8,6,1,1,0,11,5,5,2,1,0,0,0,0.267,0.333,0.367,0.700,2026/08/01
51155155,赤星 優志,読売ジャイアンツ,3,3,2,0,0,0,0,0,0,0,1,0,0,1,0,0,0.000,0.000,0.000,0.000,2026/08/01
61165159,泉口 友汰,読売ジャイアンツ,79,313,277,69,49,12,2,6,103,29,41,24,5,2,5,6,0.249,0.315,0.372,0.687,2026/08/01
91195157,浅野 翔吾,読売ジャイアンツ,9,28,27,5,3,1,0,1,9,1,6,1,0,0,0,2,0.185,0.214,0.333,0.548,2026/08/01
51855132,増田 大輝,読売ジャイアンツ,8,15,13,4,4,0,0,0,4,0,4,0,0,2,0,0,0.308,0.308,0.308,0.615,2026/08/01
01605138,増田 陸,読売ジャイアンツ,36,110,107,27,20,5,0,2,38,11,28,1,1,0,1,2,0.252,0.264,0.355,0.619,2026/08/01
51055137,則本 昂大,読売ジャイアンツ,8,12,11,1,1,0,0,0,1,0,7,0,0,1,0,0,0.091,0.091,0.091,0.182,2026/08/01
21325136,大城 卓三,読売ジャイアンツ,65,211,190,52,29,14,1,8,92,23,64,18,2,1,0,4,0.274,0.343,0.484,0.827,2026/08/01
77775159,知念 大成,読売ジャイアンツ,8,16,16,4,4,0,0,0,4,0,3,0,0,0,0,1,0.250,0.250,0.250,0.500,2026/08/01
71275152,竹丸 和幸,読売ジャイアンツ,13,26,23,1,1,0,0,0,1,1,17,1,0,2,0,0,0.043,0.083,0.043,0.127,2026/08/01
51655153,中山 礼都,読売ジャイアンツ,34,96,85,15,10,5,0,0,20,7,14,9,0,0,2,3,0.176,0.250,0.235,0.485,2026/08/01
11215114,田中 将大,読売ジャイアンツ,9,18,15,0,0,0,0,0,0,0,7,0,0,3,0,1,0.000,0.000,0.000,0.000,2026/08/01
81485157,萩尾 匡也,読売ジャイアンツ,3,3,2,0,0,0,0,0,0,0,0,1,0,0,0,0,0.000,0.333,0.000,0.333,2026/08/01
41645159,平山 功太,読売ジャイアンツ,23,83,79,23,17,3,1,2,34,9,16,3,1,0,0,0,0.291,0.325,0.430,0.756,2026/08/01
33135159,又木 鉄平,読売ジャイアンツ,2,2,2,0,0,0,0,0,0,0,1,0,0,0,0,0,0.000,0.000,0.000,0.000,2026/08/01
11515157,門脇 誠,読売ジャイアンツ,27,57,50,8,5,2,1,0,12,5,8,4,0,3,0,0,0.160,0.222,0.240,0.462,2026/08/01
33735155,アルメンタ,福岡ソフトバンクホークス,1,1,1,0,0,0,0,0,0,0,1,0,0,0,0,0,0.000,0.000,0.000,0.000,2026/08/01
11315157,イヒネ イツア,福岡ソフトバンクホークス,2,2,2,0,0,0,0,0,0,0,1,0,0,0,0,0,0.000,0.000,0.000,0.000,2026/08/01
53755138,スチュワート・ジュニア,福岡ソフトバンクホークス,2,4,4,1,1,0,0,0,1,0,1,0,0,0,0,0,0.250,0.250,0.250,0.500,2026/08/01
43245159,ダウンズ,福岡ソフトバンクホークス,5,12,12,1,1,0,0,0,1,0,5,0,0,0,0,0,0.083,0.083,0.083,0.167,2026/08/01
81385151,海野 隆司,福岡ソフトバンクホークス,67,224,190,39,29,8,1,1,52,13,58,14,1,18,1,5,0.205,0.262,0.274,0.536,2026/08/01
41745135,近藤 健介,福岡ソフトバンクホークス,91,392,322,100,55,22,0,23,191,79,62,61,5,0,4,4,0.311,0.423,0.593,1.017,2026/08/01
01705130,栗原 陵矢,福岡ソフトバンクホークス,94,414,361,94,44,18,2,30,206,76,81,44,5,1,3,7,0.260,0.346,0.571,0.917,2026/08/01
31335131,今宮 健太,福岡ソフトバンクホークス,45,130,118,23,18,4,0,1,30,10,27,8,1,2,1,1,0.195,0.250,0.254,0.504,2026/08/01
91095153,笹川 吉康,福岡ソフトバンクホークス,9,25,24,4,1,3,0,0,7,2,5,1,0,0,0,1,0.167,0.200,0.292,0.492,2026/08/01
21425139,山川 穂高,福岡ソフトバンクホークス,46,168,143,25,14,2,0,9,54,25,44,21,3,0,1,2,0.175,0.292,0.378,0.669,2026/08/01
93595155,山本 恵大,福岡ソフトバンクホークス,18,62,56,15,10,2,0,3,26,7,14,3,3,0,0,1,0.268,0.339,0.464,0.803,2026/08/01
23125136,山本 祐大,横浜DeNAベイスターズ,28,105,88,20,14,5,0,1,28,8,15,13,3,1,0,3,0.227,0.346,0.318,0.664,2026/08/01
21925136,周東 佑京,福岡ソフトバンクホークス,87,377,326,92,75,12,4,1,115,26,53,32,5,10,4,2,0.282,0.351,0.353,0.704,2026/08/01
23525152,徐 若熙,福岡ソフトバンクホークス,1,2,2,0,0,0,0,0,0,0,2,0,0,0,0,0,0.000,0.000,0.000,0.000,2026/08/01
01205150,庄子 雄大,福岡ソフトバンクホークス,48,167,138,31,29,1,1,0,34,11,41,20,1,7,1,1,0.225,0.325,0.246,0.571,2026/08/01
41845157,松本 晴,福岡ソフトバンクホークス,1,2,1,0,0,0,0,0,0,0,1,0,0,1,0,0,0.000,0.000,0.000,0.000,2026/08/01
81885155,正木 智也,福岡ソフトバンクホークス,56,265,224,66,42,7,1,16,123,40,57,34,5,0,2,2,0.295,0.396,0.549,0.945,2026/08/01
01105151,石塚 綜一郎,福岡ソフトバンクホークス,4,12,11,4,2,2,0,0,6,3,4,0,1,0,0,0,0.364,0.417,0.545,0.962,2026/08/01
11715132,川瀬 晃,福岡ソフトバンクホークス,33,99,85,21,15,4,2,0,29,10,14,9,0,4,1,2,0.247,0.316,0.341,0.657,2026/08/01
11715155,川村 友斗,福岡ソフトバンクホークス,19,23,22,2,1,1,0,0,3,1,10,1,0,0,0,0,0.091,0.130,0.136,0.267,2026/08/01
13115159,前田 悠伍,福岡ソフトバンクホークス,1,2,1,0,0,0,0,0,0,0,1,0,0,1,0,0,0.000,0.000,0.000,0.000,2026/08/01
01505151,大関 友久,福岡ソフトバンクホークス,1,2,2,0,0,0,0,0,0,0,0,0,0,0,0,0,0.000,0.000,0.000,0.000,2026/08/01
01305157,大津 亮介,福岡ソフトバンクホークス,2,7,6,0,0,0,0,0,0,0,5,0,0,1,0,0,0.000,0.000,0.000,0.000,2026/08/01
11215132,谷川原 健太,福岡ソフトバンクホークス,22,46,44,9,7,2,0,0,11,2,15,2,0,0,0,1,0.205,0.239,0.250,0.489,2026/08/01
11215116,中村 晃,福岡ソフトバンクホークス,23,33,31,4,3,1,0,0,5,2,5,2,0,0,0,1,0.129,0.182,0.161,0.343,2026/08/01
93195138,渡邉 陸,福岡ソフトバンクホークス,11,34,29,7,4,2,1,0,11,1,9,5,0,0,0,0,0.241,0.353,0.379,0.732,2026/08/01
61465133,牧原 大成,福岡ソフトバンクホークス,90,343,312,87,69,16,0,2,109,25,59,17,4,7,3,2,0.279,0.321,0.349,0.671,2026/08/01
11615155,野村 勇,福岡ソフトバンクホークス,45,126,116,28,19,4,1,4,46,8,41,10,0,0,0,5,0.241,0.302,0.397,0.698,2026/08/01
73175151,柳町 達,福岡ソフトバンクホークス,57,208,179,43,31,11,1,0,56,28,48,24,1,1,3,3,0.240,0.329,0.313,0.641,2026/08/01
31835133,柳田 悠岐,福岡ソフトバンクホークス,83,309,285,77,54,12,0,11,122,42,58,18,4,0,2,5,0.270,0.320,0.428,0.748,2026/08/01
61665159,廣瀨 隆太,福岡ソフトバンクホークス,19,61,52,12,8,4,0,0,16,4,21,7,0,1,1,1,0.231,0.317,0.308,0.624,2026/08/01
31235152,髙橋 隆慶,福岡ソフトバンクホークス,3,5,5,2,1,0,0,1,5,1,3,0,0,0,0,0,0.400,0.400,1.000,1.400,2026/08/01
01305152,エドポロ ケイン,北海道日本ハムファイターズ,4,10,10,0,0,0,0,0,0,0,4,0,0,0,0,0,0.000,0.000,0.000,0.000,2026/08/01
43945152,カストロ,北海道日本ハムファイターズ,49,158,141,33,23,2,1,7,58,20,39,10,4,0,3,4,0.234,0.297,0.411,0.709,2026/08/01
73975136,マルティネス,北海道日本ハムファイターズ,21,41,36,5,3,0,0,2,11,4,14,4,1,0,0,1,0.139,0.244,0.306,0.549,2026/08/01
73075159,レイエス,北海道日本ハムファイターズ,94,394,354,116,73,21,0,22,203,55,66,34,1,0,5,16,0.328,0.383,0.573,0.957,2026/08/01
51355153,伊藤 大海,北海道日本ハムファイターズ,2,6,4,0,0,0,0,0,0,0,1,0,0,2,0,0,0.000,0.000,0.000,0.000,2026/08/01
41545132,加藤 貴之,北海道日本ハムファイターズ,1,2,1,1,1,0,0,0,1,1,0,0,0,1,0,0,1.000,1.000,1.000,2.000,2026/08/01
13515157,吉田 賢吾,北海道日本ハムファイターズ,34,101,98,29,11,9,1,8,64,15,19,2,1,0,0,1,0.296,0.317,0.653,0.970,2026/08/01
83185159,宮崎 一樹,北海道日本ハムファイターズ,4,13,13,1,0,0,0,1,4,1,4,0,0,0,0,0,0.077,0.077,0.308,0.385,2026/08/01
21925151,郡司 裕也,北海道日本ハムファイターズ,74,273,230,54,41,9,0,4,75,20,41,37,4,1,1,5,0.235,0.349,0.326,0.675,2026/08/01
11315153,五十幡 亮汰,北海道日本ハムファイターズ,40,69,63,12,10,2,0,0,14,1,19,2,0,4,0,0,0.190,0.215,0.222,0.438,2026/08/01
61865153,細川 凌平,北海道日本ハムファイターズ,33,91,70,19,15,2,0,2,27,9,10,17,0,4,0,0,0.271,0.414,0.386,0.800,2026/08/01
63165150,山縣 秀,北海道日本ハムファイターズ,25,56,52,10,7,3,0,0,13,4,10,0,0,4,0,0,0.192,0.192,0.250,0.442,2026/08/01
21825130,山﨑 福也,北海道日本ハムファイターズ,1,3,3,0,0,0,0,0,0,0,0,0,0,0,0,0,0.000,0.000,0.000,0.000,2026/08/01
81085150,柴田 獅子,北海道日本ハムファイターズ,1,2,2,0,0,0,0,0,0,0,0,0,0,0,0,1,0.000,0.000,0.000,0.000,2026/08/01
01505155,上川畑 大悟,北海道日本ハムファイターズ,12,31,31,7,5,2,0,0,9,1,4,0,0,0,0,1,0.226,0.226,0.290,0.516,2026/08/01
41245152,常谷 拓輝,北海道日本ハムファイターズ,2,8,6,0,0,0,0,0,0,0,2,2,0,0,0,0,0.000,0.250,0.000,0.250,2026/08/01
11015159,進藤 勇也,北海道日本ハムファイターズ,32,92,79,16,6,5,2,3,34,9,22,9,1,3,0,3,0.203,0.292,0.430,0.723,2026/08/01
31835138,水谷 瞬,北海道日本ハムファイターズ,41,147,139,32,21,5,1,5,54,17,40,5,1,0,2,2,0.230,0.259,0.388,0.647,2026/08/01
63165155,水野 達稀,北海道日本ハムファイターズ,92,388,348,103,68,21,6,8,160,35,63,19,6,12,3,4,0.296,0.340,0.460,0.800,2026/08/01
41545136,清宮 幸太郎,北海道日本ハムファイターズ,91,351,307,75,50,12,2,11,124,38,63,37,5,0,2,3,0.244,0.333,0.404,0.737,2026/08/01
61965130,清水 優心,北海道日本ハムファイターズ,16,36,31,4,2,1,0,1,8,4,5,4,0,1,0,0,0.129,0.229,0.258,0.487,2026/08/01
21225133,西川 遥輝,北海道日本ハムファイターズ,16,55,43,8,5,1,1,1,14,4,13,10,2,0,0,0,0.186,0.364,0.326,0.689,2026/08/01
11515152,大塚 瑠晏,北海道日本ハムファイターズ,33,93,82,18,10,3,1,4,35,9,28,9,1,1,0,0,0.220,0.304,0.427,0.731,2026/08/01
51055138,田宮 裕涼,北海道日本ハムファイターズ,69,228,210,59,45,8,3,3,82,16,44,8,0,9,1,3,0.281,0.306,0.390,0.696,2026/08/01
31435157,奈良間 大己,北海道日本ハムファイターズ,58,183,167,42,30,7,1,4,63,20,44,12,2,1,1,4,0.251,0.308,0.377,0.685,2026/08/01
11515151,梅林 優貴,北海道日本ハムファイターズ,2,5,5,0,0,0,0,0,0,0,3,0,0,0,0,0,0.000,0.000,0.000,0.000,2026/08/01
81685155,福島 蓮,北海道日本ハムファイターズ,2,5,4,0,0,0,0,0,0,0,2,0,0,1,0,0,0.000,0.000,0.000,0.000,2026/08/01
51755155,北山 亘基,北海道日本ハムファイターズ,2,6,3,0,0,0,0,0,0,1,3,0,0,2,1,0,0.000,0.000,0.000,0.000,2026/08/01
11815138,万波 中正,北海道日本ハムファイターズ,94,370,330,89,56,13,1,19,161,48,91,33,3,0,3,14,0.270,0.339,0.488,0.827,2026/08/01
31435138,野村 佑希,北海道日本ハムファイターズ,79,282,262,69,45,11,0,13,119,49,63,15,1,0,4,7,0.263,0.301,0.454,0.756,2026/08/01
73375157,矢澤 宏太,北海道日本ハムファイターズ,38,101,96,19,11,2,3,3,36,5,22,5,0,0,0,1,0.198,0.238,0.375,0.613,2026/08/01
01105155,有薗 直輝,北海道日本ハムファイターズ,5,21,18,7,4,2,0,1,12,2,4,3,0,0,0,0,0.389,0.476,0.667,1.143,2026/08/01
31135130,淺間 大基,北海道日本ハムファイターズ,17,45,41,8,5,1,0,2,15,3,12,4,0,0,0,0,0.195,0.267,0.366,0.633,2026/08/01