ID,球団名,選手名,ポジション,区分,備考
11215114,読売ジャイアンツ,田中 将大,投手,支配下,
81085155,読売ジャイアンツ,大勢,投手,支配下,
31635159,読売ジャイアンツ,西舘 勇陽,投手,支配下,
03305153,読売ジャイアンツ,山﨑 伊織,投手,支配下,
41045138,読売ジャイアンツ,戸郷 翔征,投手,支配下,
71275152,読売ジャイアンツ,竹丸 和幸,投手,支配下,
11015155,読売ジャイアンツ,代木 大和,投手,支配下,
53355152,読売ジャイアンツ,ウィットリー,投手,支配下,
23725150,読売ジャイアンツ,ハワード,投手,支配下,
21225152,読売ジャイアンツ,田和 廉,投手,支配下,
51155155,読売ジャイアンツ,赤星 優志,投手,支配下,
43145152,読売ジャイアンツ,山城 京平,投手,支配下,
81285132,読売ジャイアンツ,中川 皓太,投手,支配下,
53755152,読売ジャイアンツ,マタ,投手,支配下,
51055137,読売ジャイアンツ,則本 昂大,投手,支配下,
61065136,読売ジャイアンツ,田中 瑛斗,投手,支配下,
33135159,読売ジャイアンツ,又木 鉄平,投手,支配下,
43345159,読売ジャイアンツ,森田 駿哉,投手,支配下,
03005157,読売ジャイアンツ,ルシアーノ,投手,支配下,
23225157,読売ジャイアンツ,バルドナード,投手,支配下,
91095134,読売ジャイアンツ,高梨 雄平,投手,支配下,
33135155,読売ジャイアンツ,松浦 慶斗,投手,支配下,
01505136,読売ジャイアンツ,北浦 竜次,投手,支配下,
13115150,読売ジャイアンツ,宮原 駿介,投手,支配下,
31835157,読売ジャイアンツ,船迫 大雅,投手,支配下,
81885138,読売ジャイアンツ,横川 凱,投手,支配下,
01105138,読売ジャイアンツ,泉 圭輔,投手,支配下,
53555155,読売ジャイアンツ,山田 龍聖,投手,支配下,
61165153,読売ジャイアンツ,石川 達也,投手,支配下,
21825153,読売ジャイアンツ,平内 龍太,投手,支配下,
21625151,読売ジャイアンツ,堀田 賢慎,投手,支配下,
23925134,読売ジャイアンツ,マルティネス,投手,支配下,
51355151,読売ジャイアンツ,井上 温大,投手,支配下,
71575132,読売ジャイアンツ,小笠原 慎之介,投手,支配下,
91595133,読売ジャイアンツ,甲斐 拓也,捕手,支配下,
91795139,読売ジャイアンツ,小林 誠司,捕手,支配下,
21325136,読売ジャイアンツ,大城 卓三,捕手,支配下,
91595136,読売ジャイアンツ,岸田 行倫,捕手,支配下,
91795134,読売ジャイアンツ,郡 拓也,捕手,支配下,
03105151,読売ジャイアンツ,山瀬 慎之助,捕手,支配下,
43145136,読売ジャイアンツ,湯浅 大,内野手,支配下,
51855132,読売ジャイアンツ,増田 大輝,内野手,支配下,
73375134,読売ジャイアンツ,吉川 尚輝,内野手,支配下,
11515157,読売ジャイアンツ,門脇 誠,内野手,支配下,
51955114,読売ジャイアンツ,坂本 勇人,内野手,支配下,
61165150,読売ジャイアンツ,石塚 裕惺,内野手,支配下,
63565152,読売ジャイアンツ,ダルベック,内野手,支配下,
81385150,読売ジャイアンツ,浦田 俊輔,内野手,支配下,
61765152,読売ジャイアンツ,小濱 佑斗,内野手,支配下,
61165159,読売ジャイアンツ,泉口 友汰,内野手,支配下,
11015136,読売ジャイアンツ,リチャード,内野手,支配下,
71175150,読売ジャイアンツ,荒巻 悠,内野手,支配下,
01605138,読売ジャイアンツ,増田 陸,内野手,支配下,
01305159,読売ジャイアンツ,宇都宮 葵星,内野手,支配下,
41645159,読売ジャイアンツ,平山 功太,内野手,支配下,
21625152,読売ジャイアンツ,藤井 健翔,内野手,支配下,
21425116,読売ジャイアンツ,丸 佳浩,外野手,支配下,
21625135,読売ジャイアンツ,松本 剛,外野手,支配下,
81485157,読売ジャイアンツ,萩尾 匡也,外野手,支配下,
73575150,読売ジャイアンツ,キャベッジ,外野手,支配下,
81385155,読売ジャイアンツ,岡田 悠希,外野手,支配下,
33135152,読売ジャイアンツ,皆川 岳飛,外野手,支配下,
51655153,読売ジャイアンツ,中山 礼都,外野手,支配下,
51955159,読売ジャイアンツ,佐々木 俊輔,外野手,支配下,
13015153,読売ジャイアンツ,ティマ,外野手,支配下,
91195157,読売ジャイアンツ,浅野 翔吾,外野手,支配下,
91095155,読売ジャイアンツ,鈴木 大和,外野手,支配下,
53555153,読売ジャイアンツ,若林 楽人,外野手,支配下,移籍
77775159,読売ジャイアンツ,知念 大成,外野手,支配下,
21925155,読売ジャイアンツ,笹原 操希,外野手,支配下,
13115157,読売ジャイアンツ,三塚 琉生,外野手,支配下,
61265152,読売ジャイアンツ,冨重 英二郎,投手,育成,
11615152,読売ジャイアンツ,林 燦,投手,育成,
21825150,読売ジャイアンツ,堀江 正太郎,投手,育成,
21225150,読売ジャイアンツ,鈴木 圭晋,投手,育成,
41245159,読売ジャイアンツ,千葉 隆広,投手,育成,
71975153,読売ジャイアンツ,木下 幹也,投手,育成,
21025159,読売ジャイアンツ,園田 純規,投手,育成,
01805157,読売ジャイアンツ,松井 颯,投手,育成,
41045157,読売ジャイアンツ,田村 朋輝,投手,育成,
73575157,読売ジャイアンツ,吉村 優聖歩,投手,育成,
11415155,読売ジャイアンツ,富田 龍,投手,育成,
01605150,読売ジャイアンツ,西川 歩,投手,育成,
51855150,読売ジャイアンツ,吹田 志道,投手,育成,
13315157,読売ジャイアンツ,森本 哲星,投手,育成,
73275159,読売ジャイアンツ,黄 錦豪,投手,育成,
83085150,読売ジャイアンツ,グズマン,投手,育成,
21725152,読売ジャイアンツ,河野 優作,投手,育成,
21425138,読売ジャイアンツ,板東 湧梧,投手,育成,
71675155,読売ジャイアンツ,花田 侑樹,投手,育成,
81185155,読売ジャイアンツ,石田 隼都,投手,育成,
41145150,読売ジャイアンツ,石田 充冴,投手,育成,
91795155,読売ジャイアンツ,京本 眞,投手,育成,
21825152,読売ジャイアンツ,松井 蓮太朗,捕手,育成,
47545152,読売ジャイアンツ,李 健熙,捕手,育成,
31935153,読売ジャイアンツ,喜多 隆介,捕手,育成,
21525155,読売ジャイアンツ,亀田 啓太,捕手,育成,
81985150,読売ジャイアンツ,坂本 達也,捕手,育成,
01205157,読売ジャイアンツ,中田 歩夢,内野手,育成,
03305159,読売ジャイアンツ,村山 源,内野手,育成,
21225159,読売ジャイアンツ,田上 優弥,内野手,育成,
81285150,読売ジャイアンツ,竹下 徠空,内野手,育成,
21525157,読売ジャイアンツ,北村 流音,内野手,育成,
81785153,読売ジャイアンツ,川原田 純平,内野手,育成,
31135157,読売ジャイアンツ,相澤 白虎,外野手,育成,
13215150,読売ジャイアンツ,フェリス,外野手,育成,
31335139,阪神タイガース,岩崎 優,投手,支配下,
51355139,阪神タイガース,岩貞 祐太,投手,支配下,
71275118,阪神タイガース,西 勇輝,投手,支配下,
71375150,阪神タイガース,伊原 陵人,投手,支配下,
61965159,阪神タイガース,下村 海翔,投手,支配下,
41345136,阪神タイガース,大竹 耕太郎,投手,支配下,
21925159,阪神タイガース,椎葉 剛,投手,支配下,
71375153,阪神タイガース,伊藤 将司,投手,支配下,
31935150,阪神タイガース,今朝丸 裕喜,投手,支配下,
91095136,阪神タイガース,髙橋 遥人,投手,支配下,
53355157,阪神タイガース,門別 啓人,投手,支配下,
41745134,阪神タイガース,才木 浩人,投手,支配下,
31635134,阪神タイガース,畠 世周,投手,支配下,
91795151,阪神タイガース,及川 雅貴,投手,支配下,
13315153,阪神タイガース,村上 頌樹,投手,支配下,
73975152,阪神タイガース,ルーカス,投手,支配下,
31635152,阪神タイガース,早瀬 朔,投手,支配下,
63765152,阪神タイガース,ラグズデール,投手,支配下,
01705155,阪神タイガース,桐敷 拓馬,投手,支配下,
81185157,阪神タイガース,茨木 秀俊,投手,支配下,
81785150,阪神タイガース,工藤 泰成,投手,支配下,
51255157,阪神タイガース,富田 蓮,投手,支配下,
57955159,阪神タイガース,早川 太貴,投手,支配下,
41745150,阪神タイガース,木下 里都,投手,支配下,
17915159,阪神タイガース,能登 嵩都,投手,支配下,
01105159,阪神タイガース,石黒 佑弥,投手,支配下,
11515155,阪神タイガース,岡留 英貴,投手,支配下,
41845138,阪神タイガース,湯浅 京己,投手,支配下,
11415159,阪神タイガース,津田 淳哉,投手,支配下,
41145153,阪神タイガース,石井 大智,投手,支配下,
71075152,阪神タイガース,神宮 僚介,投手,支配下,
53055152,阪神タイガース,セベリーノ,投手,支配下,
03505132,阪神タイガース,ドリス,投手,支配下,
03705152,阪神タイガース,モレッタ,投手,支配下,
21325139,阪神タイガース,梅野 隆太郎,捕手,支配下,
11915132,阪神タイガース,坂本 誠志郎,捕手,支配下,
61065137,阪神タイガース,伏見 寅威,捕手,支配下,
51055153,阪神タイガース,榮枝 裕貴,捕手,支配下,
41845150,阪神タイガース,町田 隼乙,捕手,支配下,
91495134,阪神タイガース,長坂 拳弥,捕手,支配下,
91695151,阪神タイガース,藤田 健斗,捕手,支配下,
51455155,阪神タイガース,中川 勇斗,捕手,支配下,
31235150,阪神タイガース,嶋村 麟士朗,捕手,支配下,
33335153,阪神タイガース,元山 飛優,内野手,支配下,
31735138,阪神タイガース,木浪 聖也,内野手,支配下,
21325134,阪神タイガース,大山 悠輔,内野手,支配下,
81585136,阪神タイガース,熊谷 敬宥,内野手,支配下,
41445153,阪神タイガース,中野 拓夢,内野手,支配下,
41045153,阪神タイガース,佐藤 輝明,内野手,支配下,
91295152,阪神タイガース,立石 正広,内野手,支配下,
83585152,阪神タイガース,ディベイニー,内野手,支配下,
01205152,阪神タイガース,谷端 将伍,内野手,支配下,
81185134,阪神タイガース,糸原 健斗,内野手,支配下,
31535138,阪神タイガース,小幡 竜平,内野手,支配下,
91095150,阪神タイガース,佐野 大陽,内野手,支配下,
63365159,阪神タイガース,山田 脩也,内野手,支配下,
23325159,阪神タイガース,百﨑 蒼生,内野手,支配下,
01305130,阪神タイガース,植田 海,内野手,支配下,
41245153,阪神タイガース,髙寺 望夢,内野手,支配下,
43145157,阪神タイガース,森下 翔太,外野手,支配下,
71075138,阪神タイガース,近本 光司,外野手,支配下,
91495138,阪神タイガース,濱田 太貴,外野手,支配下,
91595152,阪神タイガース,岡城 快生,外野手,支配下,
41145157,阪神タイガース,井坪 陽生,外野手,支配下,
91995136,阪神タイガース,島田 海吏,外野手,支配下,
21825155,阪神タイガース,前川 右京,外野手,支配下,
71775151,阪神タイガース,小野寺 暖,外野手,支配下,
31435155,阪神タイガース,豊田 寛,外野手,支配下,
11815159,阪神タイガース,福島 圭音,外野手,支配下,
73075152,阪神タイガース,ガルシア,外野手,支配下,
11715151,阪神タイガース,小川 一平,投手,育成,
93195159,阪神タイガース,松原 快,投手,育成,
31335155,阪神タイガース,伊藤 稜,投手,育成,
13215159,阪神タイガース,マルティネス,投手,育成,
11215157,阪神タイガース,戸井 零士,内野手,育成,
51755150,阪神タイガース,川﨑 俊哲,内野手,育成,
33535150,阪神タイガース,アルナエス,内野手,育成,
91495151,阪神タイガース,西 純矢,外野手,育成,
03105152,阪神タイガース,山﨑 照英,外野手,育成,
03505150,阪神タイガース,コンスエグラ,外野手,育成,
13715150,横浜DeNAベイスターズ,デュプランティエ,投手,支配下,
51155136,横浜DeNAベイスターズ,東 克樹,投手,支配下,
11415150,横浜DeNAベイスターズ,竹田 祐,投手,支配下,
41145151,横浜DeNAベイスターズ,伊勢 大夢,投手,支配下,
11315130,横浜DeNAベイスターズ,石田 健大,投手,支配下,
11015152,横浜DeNAベイスターズ,島田 舜也,投手,支配下,
01305138,横浜DeNAベイスターズ,大貫 晋一,投手,支配下,
31935155,横浜DeNAベイスターズ,小園 健太,投手,支配下,
41845130,横浜DeNAベイスターズ,山﨑 康晃,投手,支配下,
11015151,横浜DeNAベイスターズ,坂本 裕哉,投手,支配下,
61365153,横浜DeNAベイスターズ,入江 大生,投手,支配下,
33535157,横浜DeNAベイスターズ,吉野 光樹,投手,支配下,
41045137,横浜DeNAベイスターズ,藤浪 晋太郎,投手,支配下,
41045150,横浜DeNAベイスターズ,篠木 健太郎,投手,支配下,
91295159,横浜DeNAベイスターズ,武田 陸玖,投手,支配下,
31635157,横浜DeNAベイスターズ,橋本 達弥,投手,支配下,
61365136,横浜DeNAベイスターズ,尾形 崇斗,投手,支配下,
23125159,横浜DeNAベイスターズ,松本 凌人,投手,支配下,
63365150,横浜DeNAベイスターズ,若松 尚輝,投手,支配下,
71975134,横浜DeNAベイスターズ,佐々木 千隼,投手,支配下,
83385152,横浜DeNAベイスターズ,コックス,投手,支配下,
13015152,横浜DeNAベイスターズ,ビド,投手,支配下,
61665155,横浜DeNAベイスターズ,深沢 鳳介,投手,支配下,
93195134,横浜DeNAベイスターズ,森原 康平,投手,支配下,
61965150,横浜DeNAベイスターズ,坂口 翔颯,投手,支配下,
61565152,横浜DeNAベイスターズ,片山 皓心,投手,支配下,
53955152,横浜DeNAベイスターズ,ルイーズ,投手,支配下,
71675134,横浜DeNAベイスターズ,浜地 真澄,投手,支配下,
21425153,横浜DeNAベイスターズ,中川 颯,投手,支配下,
21125159,横浜DeNAベイスターズ,石田 裕太郎,投手,支配下,
01905139,横浜DeNAベイスターズ,平良 拳太郎,投手,支配下,
93995152,横浜DeNAベイスターズ,レイノルズ,投手,支配下,
21225136,横浜DeNAベイスターズ,中川 虎大,投手,支配下,
51855138,横浜DeNAベイスターズ,宮城 滝太,投手,支配下,
81385153,横浜DeNAベイスターズ,岩田 将貴,投手,支配下,
71875134,横浜DeNAベイスターズ,堀岡 隼人,投手,支配下,
81985159,横浜DeNAベイスターズ,庄司 陽斗,投手,支配下,
41445136,横浜DeNAベイスターズ,馬場 皐輔,投手,支配下,
33235155,横浜DeNAベイスターズ,マルセリーノ,投手,支配下,
21825157,横浜DeNAベイスターズ,松尾 汐恩,捕手,支配下,
41245132,横浜DeNAベイスターズ,戸柱 恭孝,捕手,支配下,
91695138,横浜DeNAベイスターズ,益子 京右,捕手,支配下,
23125136,横浜DeNAベイスターズ,山本 祐大,捕手,支配下,移籍
51155151,横浜DeNAベイスターズ,東妻 純平,捕手,支配下,
91895155,横浜DeNAベイスターズ,古市 尊,捕手,支配下,
31735134,横浜DeNAベイスターズ,九鬼 隆平,捕手,支配下,
91695157,横浜DeNAベイスターズ,林 琢真,内野手,支配下,
13115153,横浜DeNAベイスターズ,牧 秀悟,内野手,支配下,
41545152,横浜DeNAベイスターズ,小田 康一郎,内野手,支配下,
33135151,横浜DeNAベイスターズ,森 敬斗,内野手,支配下,
81585134,横浜DeNAベイスターズ,京田 陽太,内野手,支配下,
41945131,横浜DeNAベイスターズ,筒香 嘉智,内野手,支配下,
33135134,横浜DeNAベイスターズ,三森 大貴,内野手,支配下,
41945132,横浜DeNAベイスターズ,柴田 竜拓,内野手,支配下,
53155152,横浜DeNAベイスターズ,宮下 朝陽,内野手,支配下,
21525150,横浜DeNAベイスターズ,加藤 響,内野手,支配下,
01305153,横浜DeNAベイスターズ,井上 朋也,内野手,支配下,
91195159,横浜DeNAベイスターズ,石上 泰輝,内野手,支配下,
91495152,横浜DeNAベイスターズ,成瀬 脩人,内野手,支配下,
51455137,横浜DeNAベイスターズ,宮﨑 敏郎,内野手,支配下,
91495150,横浜DeNAベイスターズ,田内 真翔,内野手,支配下,
11215159,横浜DeNAベイスターズ,高見澤 郁魅,内野手,支配下,
13715132,横浜DeNAベイスターズ,ビシエド,内野手,支配下,
33535159,横浜DeNAベイスターズ,度会 隆輝,外野手,支配下,
91995134,横浜DeNAベイスターズ,佐野 恵太,外野手,支配下,
71575136,横浜DeNAベイスターズ,神里 和毅,外野手,支配下,
41545138,横浜DeNAベイスターズ,勝又 温史,外野手,支配下,
31335159,横浜DeNAベイスターズ,井上 絢登,外野手,支配下,
51555155,横浜DeNAベイスターズ,梶原 昂希,外野手,支配下,
51555151,横浜DeNAベイスターズ,蝦名 達夫,外野手,支配下,
31935139,横浜DeNAベイスターズ,関根 大気,外野手,支配下,
71675157,横浜DeNAベイスターズ,濱 将乃介,外野手,支配下,
33035152,横浜DeNAベイスターズ,エンカーナシオン,外野手,支配下,
13715152,横浜DeNAベイスターズ,ヒュンメル,外野手,支配下,
41945159,横浜DeNAベイスターズ,清水 麻成,投手,育成,
41545150,横浜DeNAベイスターズ,金渕 光希,投手,育成,
73375150,横浜DeNAベイスターズ,吉岡 暖,投手,育成,
63165157,横浜DeNAベイスターズ,森下 瑠大,投手,育成,
93195153,横浜DeNAベイスターズ,松本 隆之介,投手,育成,
01905157,横浜DeNAベイスターズ,上甲 凌大,捕手,育成,
81785159,横浜DeNAベイスターズ,近藤 大雅,捕手,育成,
31535159,横浜DeNAベイスターズ,小笠原 蒼,内野手,育成,
71475136,横浜DeNAベイスターズ,西巻 賢二,内野手,育成,
51055152,横浜DeNAベイスターズ,清水 詩太,内野手,育成,
71975150,横浜DeNAベイスターズ,小針 大輝,外野手,育成,
51955152,広島東洋カープ,齊藤 汰直,投手,支配下,
73375153,広島東洋カープ,森浦 大輔,投手,支配下,
61365139,広島東洋カープ,大瀬良 大地,投手,支配下,
93395155,広島東洋カープ,森 翔平,投手,支配下,
31435159,広島東洋カープ,常廣 羽也斗,投手,支配下,
53155151,広島東洋カープ,森下 暢仁,投手,支配下,
11415134,広島東洋カープ,床田 寛樹,投手,支配下,
91995153,広島東洋カープ,栗林 良吏,投手,支配下,
31235133,広島東洋カープ,中﨑 翔太,投手,支配下,
41045159,広島東洋カープ,髙 太一,投手,支配下,
41745155,広島東洋カープ,黒原 拓未,投手,支配下,
91895157,広島東洋カープ,益田 武尚,投手,支配下,
71075150,広島東洋カープ,佐藤 柳之介,投手,支配下,
71775136,広島東洋カープ,ケムナ 誠,投手,支配下,
31235159,広島東洋カープ,滝田 一希,投手,支配下,
01005134,広島東洋カープ,高橋 昂也,投手,支配下,
91795152,広島東洋カープ,工藤 泰己,投手,支配下,
21625130,広島東洋カープ,塹江 敦哉,投手,支配下,
31135152,広島東洋カープ,赤木 晴哉,投手,支配下,
51655157,広島東洋カープ,長谷部 銀次,投手,支配下,
61065151,広島東洋カープ,鈴木 健矢,投手,支配下,
43545152,広島東洋カープ,ターノック,投手,支配下,
31935138,広島東洋カープ,島内 颯太郎,投手,支配下,
73175155,広島東洋カープ,松本 竜也,投手,支配下,
81085152,広島東洋カープ,髙木 快大,投手,支配下,
61765157,広島東洋カープ,斉藤 優汰,投手,支配下,
31135134,広島東洋カープ,アドゥワ 誠,投手,支配下,
51055159,広島東洋カープ,杉田 健,投手,支配下,
91595150,広島東洋カープ,岡本 駿,投手,支配下,
41245151,広島東洋カープ,玉村 昇悟,投手,支配下,
71375136,広島東洋カープ,遠藤 淳志,投手,支配下,
91795150,広島東洋カープ,菊地 ハルン,投手,支配下,
73975159,広島東洋カープ,ハーン,投手,支配下,
41645157,広島東洋カープ,日髙 暖己,投手,支配下,
81085157,広島東洋カープ,辻 大雅,投手,支配下,
31135114,広島東洋カープ,會澤 翼,捕手,支配下,
11915134,広島東洋カープ,坂倉 将吾,捕手,支配下,
21125151,広島東洋カープ,石原 貴規,捕手,支配下,
81885151,広島東洋カープ,持丸 泰輝,捕手,支配下,
91995157,広島東洋カープ,清水 叶人,捕手,支配下,
11215155,広島東洋カープ,髙木 翔斗,捕手,支配下,
71475138,広島東洋カープ,羽月 隆太郎,内野手,支配下,
81585152,広島東洋カープ,勝田 成,内野手,支配下,
93395153,広島東洋カープ,矢野 雅哉,内野手,支配下,
01705138,広島東洋カープ,小園 海斗,内野手,支配下,
61965131,広島東洋カープ,堂林 翔太,内野手,支配下,
11015150,広島東洋カープ,佐々木 泰,内野手,支配下,
61565135,広島東洋カープ,菊池 涼介,内野手,支配下,
01405138,広島東洋カープ,林 晃汰,内野手,支配下,
13515150,広島東洋カープ,渡邉 悠斗,内野手,支配下,
01405152,広島東洋カープ,西川 篤夢,内野手,支配下,
41445159,広島東洋カープ,仲田 侑仁,内野手,支配下,
51355157,広島東洋カープ,内田 湘大,内野手,支配下,
71075157,広島東洋カープ,辰見 鴻之介,内野手,支配下,
41845155,広島東洋カープ,前川 誠太,内野手,支配下,
71975159,広島東洋カープ,佐藤 啓介,内野手,支配下,
53955150,広島東洋カープ,モンテロ,内野手,支配下,
91895153,広島東洋カープ,二俣 翔一,内野手,支配下,
31135133,広島東洋カープ,秋山 翔吾,外野手,支配下,
01405130,広島東洋カープ,野間 峻祥,外野手,支配下,
71675152,広島東洋カープ,平川 蓮,外野手,支配下,
51055155,広島東洋カープ,末包 昇大,外野手,支配下,
81585157,広島東洋カープ,久保 修,外野手,支配下,
21325138,広島東洋カープ,大盛 穂,外野手,支配下,
61265155,広島東洋カープ,田村 俊介,外野手,支配下,
43745150,広島東洋カープ,ファビアン,外野手,支配下,
11415157,広島東洋カープ,名原 典彦,外野手,支配下,
81285136,広島東洋カープ,中村 奨成,外野手,支配下,
61265157,広島東洋カープ,中村 貴浩,外野手,支配下,
91995150,広島東洋カープ,小船 翼,投手,育成,
61265150,広島東洋カープ,竹下 海斗,投手,育成,
71575157,広島東洋カープ,河野 佳,投手,育成,
71075159,広島東洋カープ,杉原 望来,投手,育成,
63965152,広島東洋カープ,アリア,投手,育成,
23125150,広島東洋カープ,安竹 俊喜,捕手,育成,
81785152,広島東洋カープ,小林 結太,捕手,育成,
51755152,広島東洋カープ,岸本 大希,内野手,育成,
43045159,広島東洋カープ,ラミレス,内野手,育成,
63065159,広島東洋カープ,ロベルト,外野手,育成,
51455152,中日ドラゴンズ,中西 聖輝,投手,支配下,
21425151,中日ドラゴンズ,橋本 侑樹,投手,支配下,
91795159,中日ドラゴンズ,草加 勝,投手,支配下,
21925152,中日ドラゴンズ,櫻井 頼之介,投手,支配下,
63165134,中日ドラゴンズ,柳 裕也,投手,支配下,
61265153,中日ドラゴンズ,髙橋 宏斗,投手,支配下,
31635110,中日ドラゴンズ,涌井 秀章,投手,支配下,
61565150,中日ドラゴンズ,金丸 夢斗,投手,支配下,
11515133,中日ドラゴンズ,大野 雄大,投手,支配下,
41245157,中日ドラゴンズ,仲地 礼亜,投手,支配下,
73575159,中日ドラゴンズ,アブレウ,投手,支配下,
73175153,中日ドラゴンズ,松木平 優太,投手,支配下,
81285138,中日ドラゴンズ,根尾 昂,投手,支配下,
61165157,中日ドラゴンズ,伊藤 茉央,投手,支配下,
61765139,中日ドラゴンズ,杉浦 稔大,投手,支配下,
41645132,中日ドラゴンズ,福 敬登,投手,支配下,
31835159,中日ドラゴンズ,福田 幸之介,投手,支配下,
21225137,中日ドラゴンズ,松葉 貴大,投手,支配下,
21525138,中日ドラゴンズ,勝野 昌慶,投手,支配下,
51355134,中日ドラゴンズ,梅野 雄吾,投手,支配下,
93395150,中日ドラゴンズ,吉田 聖弥,投手,支配下,
01905136,中日ドラゴンズ,清水 達也,投手,支配下,
81985152,中日ドラゴンズ,篠﨑 国忠,投手,支配下,
53155157,中日ドラゴンズ,宮内 春輝,投手,支配下,
21625134,中日ドラゴンズ,藤嶋 健人,投手,支配下,
11915130,中日ドラゴンズ,齋藤 綱記,投手,支配下,
41245150,中日ドラゴンズ,高橋 幸佑,投手,支配下,
53355153,中日ドラゴンズ,森 博人,投手,支配下,
91195150,中日ドラゴンズ,有馬 惠叶,投手,支配下,
37035159,中日ドラゴンズ,牧野 憲伸,投手,支配下,
23125155,中日ドラゴンズ,三浦 瑞樹,投手,支配下,
11015153,中日ドラゴンズ,近藤 廉,投手,支配下,
61865157,中日ドラゴンズ,松山 晋也,投手,支配下,
93295157,中日ドラゴンズ,メヒア,投手,支配下,
13915150,中日ドラゴンズ,マラー,投手,支配下,
21125150,中日ドラゴンズ,石伊 雄太,捕手,支配下,
31735132,中日ドラゴンズ,木下 拓哉,捕手,支配下,
61365132,中日ドラゴンズ,宇佐見 真吾,捕手,支配下,
83185155,中日ドラゴンズ,味谷 大誠,捕手,支配下,
41545130,中日ドラゴンズ,加藤 匠馬,捕手,支配下,
91195138,中日ドラゴンズ,石橋 康太,捕手,支配下,
61265159,中日ドラゴンズ,辻本 倫太郎,内野手,支配下,
21025157,中日ドラゴンズ,田中 幹也,内野手,支配下,
91095135,中日ドラゴンズ,高橋 周平,内野手,支配下,
93795157,中日ドラゴンズ,カリステ,内野手,支配下,
03105157,中日ドラゴンズ,村松 開人,内野手,支配下,
81685157,中日ドラゴンズ,福永 裕基,内野手,支配下,
73575152,中日ドラゴンズ,サノー,内野手,支配下,
91195151,中日ドラゴンズ,石川 昂弥,内野手,支配下,
03105150,中日ドラゴンズ,森 駿太,内野手,支配下,
51455153,中日ドラゴンズ,土田 龍空,内野手,支配下,
61165132,中日ドラゴンズ,阿部 寿樹,内野手,支配下,
91095152,中日ドラゴンズ,新保 茉良,内野手,支配下,
93195132,中日ドラゴンズ,山本 泰寛,内野手,支配下,
91395132,中日ドラゴンズ,板山 祐太郎,内野手,支配下,
91095138,中日ドラゴンズ,知野 直人,内野手,支配下,
03005159,中日ドラゴンズ,ロドリゲス,内野手,支配下,
21625157,中日ドラゴンズ,樋口 正修,内野手,支配下,
71575159,中日ドラゴンズ,尾田 剛樹,外野手,支配下,
81585151,中日ドラゴンズ,岡林 勇希,外野手,支配下,
01305131,中日ドラゴンズ,大島 洋平,外野手,支配下,
83785150,中日ドラゴンズ,ボスラー,外野手,支配下,
31835155,中日ドラゴンズ,福元 悠真,外野手,支配下,
71875155,中日ドラゴンズ,ブライト 健太,外野手,支配下,
81585132,中日ドラゴンズ,川越 誠司,外野手,支配下,
91395139,中日ドラゴンズ,上林 誠知,外野手,支配下,
31835134,中日ドラゴンズ,細川 成也,外野手,支配下,
61465152,中日ドラゴンズ,花田 旭,外野手,支配下,
71375155,中日ドラゴンズ,鵜飼 航丞,外野手,支配下,
41445152,中日ドラゴンズ,能戸 輝夢,外野手,支配下,
51355150,中日ドラゴンズ,井上 剣也,投手,育成,
51655159,中日ドラゴンズ,土生 翔太,投手,育成,
81185138,中日ドラゴンズ,梅津 晃大,投手,育成,
33335157,中日ドラゴンズ,森山 暁生,投手,育成,
33935150,中日ドラゴンズ,マルティネス,投手,育成,
93395157,中日ドラゴンズ,山浅 龍之介,捕手,育成,
81685159,中日ドラゴンズ,日渡 騰輝,捕手,育成,移籍
71675150,中日ドラゴンズ,中村 奈一輝,内野手,育成,
81285159,中日ドラゴンズ,津田 啓史,内野手,育成,
81185152,中日ドラゴンズ,石川 大峨,内野手,育成,
41545159,中日ドラゴンズ,川上 理偉,内野手,育成,
13115152,中日ドラゴンズ,三上 愛介,外野手,育成,
63365152,東京ヤクルトスワローズ,キハダ,投手,支配下,
21125137,東京ヤクルトスワローズ,石山 泰稚,投手,支配下,
11615159,東京ヤクルトスワローズ,西舘 昂汰,投手,支配下,
91695150,東京ヤクルトスワローズ,中村 優斗,投手,支配下,
51955138,東京ヤクルトスワローズ,清水 昇,投手,支配下,
31735151,東京ヤクルトスワローズ,奥川 恭伸,投手,支配下,
11315115,東京ヤクルトスワローズ,石川 雅規,投手,支配下,
11915153,東京ヤクルトスワローズ,木澤 尚文,投手,支配下,
53555157,東京ヤクルトスワローズ,吉村 貢司郎,投手,支配下,
11815134,東京ヤクルトスワローズ,星 知弥,投手,支配下,
63365153,東京ヤクルトスワローズ,山野 太一,投手,支配下,
03105159,東京ヤクルトスワローズ,松本 健吾,投手,支配下,
11515137,東京ヤクルトスワローズ,小川 泰弘,投手,支配下,
91295150,東京ヤクルトスワローズ,荘司 宏太,投手,支配下,
23125152,東京ヤクルトスワローズ,山崎 太陽,投手,支配下,
41945139,東京ヤクルトスワローズ,田口 麗斗,投手,支配下,
41145159,東京ヤクルトスワローズ,石原 勇輝,投手,支配下,
21925139,東京ヤクルトスワローズ,高梨 裕稔,投手,支配下,
71575134,東京ヤクルトスワローズ,拓也,投手,支配下,
01805152,東京ヤクルトスワローズ,増居 翔太,投手,支配下,
41545151,東京ヤクルトスワローズ,大西 広樹,投手,支配下,
01705132,東京ヤクルトスワローズ,小澤 怜史,投手,支配下,
41545153,東京ヤクルトスワローズ,大道 温貴,投手,支配下,
51055132,東京ヤクルトスワローズ,高橋 奎二,投手,支配下,
61065152,東京ヤクルトスワローズ,鈴木 蓮吾,投手,支配下,
11615134,東京ヤクルトスワローズ,長谷川 宙輝,投手,支配下,
81785157,東京ヤクルトスワローズ,坂本 拓己,投手,支配下,
63965150,東京ヤクルトスワローズ,ウォルターズ,投手,支配下,
01105152,東京ヤクルトスワローズ,飯田 琉斗,投手,支配下,
13915152,東京ヤクルトスワローズ,リランソ,投手,支配下,
81785136,東京ヤクルトスワローズ,阪口 皓亮,投手,支配下,
43145153,東京ヤクルトスワローズ,丸山 翔大,投手,支配下,
77575159,東京ヤクルトスワローズ,下川 隼佑,投手,支配下,
11815150,東京ヤクルトスワローズ,廣澤 優,投手,支配下,
61265138,東京ヤクルトスワローズ,沼田 翔平,投手,支配下,
71175132,東京ヤクルトスワローズ,青柳 晃洋,投手,支配下,
01705134,東京ヤクルトスワローズ,古賀 優大,捕手,支配下,
51255118,東京ヤクルトスワローズ,中村 悠平,捕手,支配下,
51855136,東京ヤクルトスワローズ,松本 直樹,捕手,支配下,
21525132,東京ヤクルトスワローズ,柿沼 友哉,捕手,支配下,
11615157,東京ヤクルトスワローズ,橋本 星哉,捕手,支配下,
43145150,東京ヤクルトスワローズ,矢野 泰二郎,捕手,支配下,
01005159,東京ヤクルトスワローズ,鈴木 叶,捕手,支配下,
51155153,東京ヤクルトスワローズ,赤羽 由紘,内野手,支配下,
91895133,東京ヤクルトスワローズ,山田 哲人,内野手,支配下,
91595153,東京ヤクルトスワローズ,内山 壮真,内野手,支配下,
61865152,東京ヤクルトスワローズ,松下 歩叶,内野手,支配下,
51455151,東京ヤクルトスワローズ,長岡 秀樹,内野手,支配下,
61865132,東京ヤクルトスワローズ,茂木 栄五郎,内野手,支配下,
01805136,東京ヤクルトスワローズ,宮本 丈,内野手,支配下,
23525153,東京ヤクルトスワローズ,オスナ,内野手,支配下,
21825138,東京ヤクルトスワローズ,山野辺 翔,内野手,支配下,
41145152,東京ヤクルトスワローズ,石井 巧,内野手,支配下,
41845152,東京ヤクルトスワローズ,松川 玲央,内野手,支配下,
01505157,東京ヤクルトスワローズ,北村 恵吾,内野手,支配下,
01405150,東京ヤクルトスワローズ,田中 陽翔,内野手,支配下,
71275151,東京ヤクルトスワローズ,武岡 龍世,内野手,支配下,
81185159,東京ヤクルトスワローズ,伊藤 琉偉,内野手,支配下,
13915157,東京ヤクルトスワローズ,セデーニョ,内野手,支配下,
91695153,東京ヤクルトスワローズ,並木 秀尊,外野手,支配下,
93195155,東京ヤクルトスワローズ,丸山 和郁,外野手,支配下,
71975136,東京ヤクルトスワローズ,塩見 泰隆,外野手,支配下,
53755153,東京ヤクルトスワローズ,サンタナ,外野手,支配下,
93195150,東京ヤクルトスワローズ,モイセエフ ニキータ,外野手,支配下,
91495157,東京ヤクルトスワローズ,西村 瑠伊斗,外野手,支配下,
51955157,東京ヤクルトスワローズ,澤井 廉,外野手,支配下,
11815136,東京ヤクルトスワローズ,増田 珠,外野手,支配下,
51355155,東京ヤクルトスワローズ,岩田 幸宏,外野手,支配下,
23125157,東京ヤクルトスワローズ,モンテル,外野手,支配下,
91295155,東京ヤクルトスワローズ,竹山 日向,投手,育成,
11915152,東京ヤクルトスワローズ,小宮 悠瞳,投手,育成,
71475157,東京ヤクルトスワローズ,西濱 勇星,投手,育成,
53255159,東京ヤクルトスワローズ,翔聖,投手,育成,
61965155,東京ヤクルトスワローズ,佐藤 琢磨,投手,育成,
61865150,東京ヤクルトスワローズ,松本 龍之介,捕手,育成,
01405153,東京ヤクルトスワローズ,中川 拓真,捕手,育成,
71575151,東京ヤクルトスワローズ,遠藤 成,内野手,育成,
21025151,東京ヤクルトスワローズ,澤野 聖悠,内野手,育成,
41645150,東京ヤクルトスワローズ,根岸 辰昇,内野手,育成,
81085159,東京ヤクルトスワローズ,髙野 颯太,内野手,育成,
53755138,福岡ソフトバンクホークス,スチュワート・ジュニア,投手,支配下,
51355135,福岡ソフトバンクホークス,上沢 直之,投手,支配下,
81285151,福岡ソフトバンクホークス,津森 宥紀,投手,支配下,
51355152,福岡ソフトバンクホークス,稲川 竜汰,投手,支配下,
23025152,福岡ソフトバンクホークス,ラトリッジ,投手,支配下,
01005137,福岡ソフトバンクホークス,東浜 巨,投手,支配下,
63565150,福岡ソフトバンクホークス,張 峻ウェイ,投手,支配下,
23525152,福岡ソフトバンクホークス,徐 若熙,投手,支配下,
01305157,福岡ソフトバンクホークス,大津 亮介,投手,支配下,
73175150,福岡ソフトバンクホークス,村上 泰斗,投手,支配下,
01805159,福岡ソフトバンクホークス,藤原 大翔,投手,支配下,
21025152,福岡ソフトバンクホークス,鈴木 豪太,投手,支配下,
51355159,福岡ソフトバンクホークス,岩井 俊介,投手,支配下,
01105150,福岡ソフトバンクホークス,安德 駿,投手,支配下,
71375134,福岡ソフトバンクホークス,大江 竜聖,投手,支配下,
01205138,福岡ソフトバンクホークス,中村 稔弥,投手,支配下,
33735155,福岡ソフトバンクホークス,アルメンタ,投手,支配下,
63965134,福岡ソフトバンクホークス,モイネロ,投手,支配下,
61365136,福岡ソフトバンクホークス,尾形 崇斗,投手,支配下,移籍
91995138,福岡ソフトバンクホークス,杉山 一樹,投手,支配下,
13115159,福岡ソフトバンクホークス,前田 悠伍,投手,支配下,
91395153,福岡ソフトバンクホークス,伊藤 優輔,投手,支配下,
11815152,福岡ソフトバンクホークス,北斗,投手,支配下,
01505151,福岡ソフトバンクホークス,大関 友久,投手,支配下,
51655130,福岡ソフトバンクホークス,藤井 皓哉,投手,支配下,
41845157,福岡ソフトバンクホークス,松本 晴,投手,支配下,
91995152,福岡ソフトバンクホークス,相良 雅斗,投手,支配下,
71875157,福岡ソフトバンクホークス,前田 純,投手,支配下,
11515159,福岡ソフトバンクホークス,大山 凌,投手,支配下,
13415155,福岡ソフトバンクホークス,オスナ,投手,支配下,
71775155,福岡ソフトバンクホークス,木村 大成,投手,支配下,
21325155,福岡ソフトバンクホークス,大竹 風雅,投手,支配下,
21325157,福岡ソフトバンクホークス,大野 稼頭央,投手,支配下,
33435157,福岡ソフトバンクホークス,ヘルナンデス,投手,支配下,
81585138,福岡ソフトバンクホークス,上茶谷 大河,投手,支配下,
61665130,福岡ソフトバンクホークス,松本 裕樹,投手,支配下,
41545157,福岡ソフトバンクホークス,木村 光,投手,支配下,
21325150,福岡ソフトバンクホークス,岩崎 峻典,投手,支配下,
83285155,福岡ソフトバンクホークス,ロドリゲス,投手,支配下,
61965153,福岡ソフトバンクホークス,小林 樹斗,投手,支配下,
93195138,福岡ソフトバンクホークス,渡邉 陸,捕手,支配下,
71475139,福岡ソフトバンクホークス,嶺井 博希,捕手,支配下,
23125136,福岡ソフトバンクホークス,山本 祐大,捕手,支配下,
11215132,福岡ソフトバンクホークス,谷川原 健太,捕手,支配下,
01105151,福岡ソフトバンクホークス,石塚 綜一郎,捕手,支配下,
81385151,福岡ソフトバンクホークス,海野 隆司,捕手,支配下,
91895159,福岡ソフトバンクホークス,藤田 悠太郎,捕手,支配下,
11715132,福岡ソフトバンクホークス,川瀬 晃,内野手,支配下,
43245159,福岡ソフトバンクホークス,ダウンズ,内野手,支配下,
21425139,福岡ソフトバンクホークス,山川 穂高,内野手,支配下,
31335131,福岡ソフトバンクホークス,今宮 健太,内野手,支配下,
11215116,福岡ソフトバンクホークス,中村 晃,内野手,支配下,
61465133,福岡ソフトバンクホークス,牧原 大成,内野手,支配下,
01705130,福岡ソフトバンクホークス,栗原 陵矢,内野手,支配下,
01205150,福岡ソフトバンクホークス,庄子 雄大,内野手,支配下,
61665159,福岡ソフトバンクホークス,廣瀨 隆太,内野手,支配下,
11315157,福岡ソフトバンクホークス,イヒネ イツア,内野手,支配下,
01305153,福岡ソフトバンクホークス,井上 朋也,内野手,支配下,移籍
61365150,福岡ソフトバンクホークス,宇野 真仁朗,内野手,支配下,
71175153,福岡ソフトバンクホークス,秋広 優人,内野手,支配下,
31235152,福岡ソフトバンクホークス,髙橋 隆慶,内野手,支配下,
81185150,福岡ソフトバンクホークス,石見 颯真,内野手,支配下,
11615155,福岡ソフトバンクホークス,野村 勇,内野手,支配下,
41745135,福岡ソフトバンクホークス,近藤 健介,外野手,支配下,
31835133,福岡ソフトバンクホークス,柳田 悠岐,外野手,支配下,
21925136,福岡ソフトバンクホークス,周東 佑京,外野手,支配下,
81885155,福岡ソフトバンクホークス,正木 智也,外野手,支配下,
73175151,福岡ソフトバンクホークス,柳町 達,外野手,支配下,
91095153,福岡ソフトバンクホークス,笹川 吉康,外野手,支配下,
81585153,福岡ソフトバンクホークス,緒方 理貢,外野手,支配下,
11715155,福岡ソフトバンクホークス,川村 友斗,外野手,支配下,
93595155,福岡ソフトバンクホークス,山本 恵大,外野手,支配下,
31635155,福岡ソフトバンクホークス,長谷川 威展,投手,育成,
13315159,福岡ソフトバンクホークス,宮里 優吾,投手,育成,
71775150,福岡ソフトバンクホークス,河野 伸一朗,投手,育成,
31735150,福岡ソフトバンクホークス,川口 冬弥,投手,育成,
73375159,福岡ソフトバンクホークス,村田 賢一,投手,育成,
41445150,福岡ソフトバンクホークス,津嘉山 憲志郎,投手,育成,
31135150,福岡ソフトバンクホークス,相原 雄太,投手,育成,
61165155,福岡ソフトバンクホークス,井﨑 燦志郎,投手,育成,
71575150,福岡ソフトバンクホークス,岡田 皓一朗,投手,育成,
91995159,福岡ソフトバンクホークス,澤柳 亮太郎,投手,育成,
41245155,福岡ソフトバンクホークス,ハモンド,投手,育成,
71575152,福岡ソフトバンクホークス,大矢 琉晟,投手,育成,
13515155,福岡ソフトバンクホークス,山崎 琢磨,投手,育成,
11915150,福岡ソフトバンクホークス,熊谷 太雅,投手,育成,
21025150,福岡ソフトバンクホークス,塩士 暖,投手,育成,
81285152,福岡ソフトバンクホークス,長﨑 蓮汰,投手,育成,
11415153,福岡ソフトバンクホークス,田上 奏大,投手,育成,
61465159,福岡ソフトバンクホークス,長水 啓眞,投手,育成,
71375157,福岡ソフトバンクホークス,内野 海斗,投手,育成,
41345157,福岡ソフトバンクホークス,岡植 純平,投手,育成,
11915157,福岡ソフトバンクホークス,佐々木 明都,投手,育成,
31235157,福岡ソフトバンクホークス,飛田 悠成,投手,育成,
03705159,福岡ソフトバンクホークス,サルディ,投手,育成,
51555150,福岡ソフトバンクホークス,大友 宗,捕手,育成,
33135153,福岡ソフトバンクホークス,牧原 巧汰,捕手,育成,
21125152,福岡ソフトバンクホークス,池田 栞太,捕手,育成,
83185157,福岡ソフトバンクホークス,盛島 稜大,捕手,育成,
01905150,福岡ソフトバンクホークス,ザイレン,内野手,育成,
51855155,福岡ソフトバンクホークス,藤野 恵音,内野手,育成,
01905153,福岡ソフトバンクホークス,桑原 秀侍,内野手,育成,
31835150,福岡ソフトバンクホークス,広瀬 結煌,内野手,育成,
31935159,福岡ソフトバンクホークス,佐倉 侠史朗,内野手,育成,
01405159,福岡ソフトバンクホークス,中澤 恒貴,内野手,育成,
41345152,福岡ソフトバンクホークス,江崎 歩,内野手,育成,
51555152,福岡ソフトバンクホークス,大橋 令和,内野手,育成,
23325157,福岡ソフトバンクホークス,山下 恭吾,内野手,育成,
51455157,福岡ソフトバンクホークス,西尾 歩真,内野手,育成,
23725152,福岡ソフトバンクホークス,モレノ,内野手,育成,
93595159,福岡ソフトバンクホークス,アルモンテ,内野手,育成,
21325159,福岡ソフトバンクホークス,大泉 周也,外野手,育成,
61765150,福岡ソフトバンクホークス,漁府 輝羽,外野手,育成,
21725150,福岡ソフトバンクホークス,木下 勇人,外野手,育成,
41045152,福岡ソフトバンクホークス,鈴木 貴大,外野手,育成,
21125157,福岡ソフトバンクホークス,生海,外野手,育成,
21325152,福岡ソフトバンクホークス,エミール,外野手,育成,
71975157,福岡ソフトバンクホークス,重松 凱人,外野手,育成,
31935157,福岡ソフトバンクホークス,佐藤 航太,外野手,育成,
53755157,福岡ソフトバンクホークス,オスーナ,外野手,育成,
73375157,北海道日本ハムファイターズ,矢澤 宏太,投手,支配下,
41245138,北海道日本ハムファイターズ,生田目 翼,投手,支配下,
41545132,北海道日本ハムファイターズ,加藤 貴之,投手,支配下,
51755155,北海道日本ハムファイターズ,北山 亘基,投手,支配下,
01205155,北海道日本ハムファイターズ,達 孝太,投手,支配下,
51355153,北海道日本ハムファイターズ,伊藤 大海,投手,支配下,
21825130,北海道日本ハムファイターズ,山﨑 福也,投手,支配下,
91295134,北海道日本ハムファイターズ,玉井 大翔,投手,支配下,
41345132,北海道日本ハムファイターズ,上原 健太,投手,支配下,
61765139,北海道日本ハムファイターズ,杉浦 稔大,投手,支配下,移籍
51555157,北海道日本ハムファイターズ,金村 尚真,投手,支配下,
41445116,北海道日本ハムファイターズ,宮西 尚生,投手,支配下,
31235134,北海道日本ハムファイターズ,田中 正義,投手,支配下,
61365152,北海道日本ハムファイターズ,大川 慈英,投手,支配下,
81785151,北海道日本ハムファイターズ,河野 竜生,投手,支配下,
61865159,北海道日本ハムファイターズ,細野 晴希,投手,支配下,
43745152,北海道日本ハムファイターズ,ラオ,投手,支配下,
81085150,北海道日本ハムファイターズ,柴田 獅子,投手,支配下,
01805150,北海道日本ハムファイターズ,藤田 琉生,投手,支配下,
51855134,北海道日本ハムファイターズ,堀 瑞輝,投手,支配下,
51155150,北海道日本ハムファイターズ,浅利 太門,投手,支配下,
93595150,北海道日本ハムファイターズ,古林 睿煬,投手,支配下,
51055133,北海道日本ハムファイターズ,島本 浩也,投手,支配下,
21025137,北海道日本ハムファイターズ,福谷 浩司,投手,支配下,
81685155,北海道日本ハムファイターズ,福島 蓮,投手,支配下,
61765155,北海道日本ハムファイターズ,畔柳 亨丞,投手,支配下,
63365155,北海道日本ハムファイターズ,柳川 大晟,投手,支配下,
21725138,北海道日本ハムファイターズ,齋藤 友貴哉,投手,支配下,
01105134,北海道日本ハムファイターズ,池田 隆英,投手,支配下,
31735155,北海道日本ハムファイターズ,菊地 大稀,投手,支配下,
51255150,北海道日本ハムファイターズ,清水 大暉,投手,支配下,
13315150,北海道日本ハムファイターズ,山城 航太郎,投手,支配下,
03105136,北海道日本ハムファイターズ,山本 拓実,投手,支配下,
51155130,北海道日本ハムファイターズ,有原 航平,投手,支配下,
61665151,北海道日本ハムファイターズ,松岡 洸希,投手,支配下,
41945138,北海道日本ハムファイターズ,清宮 虎多朗,投手,支配下,
83785159,北海道日本ハムファイターズ,孫 易磊,投手,支配下,
73975136,北海道日本ハムファイターズ,マルティネス,捕手,支配下,
21925151,北海道日本ハムファイターズ,郡司 裕也,捕手,支配下,
61965130,北海道日本ハムファイターズ,清水 優心,捕手,支配下,
11015159,北海道日本ハムファイターズ,進藤 勇也,捕手,支配下,
83985152,北海道日本ハムファイターズ,リン,捕手,支配下,
61665152,北海道日本ハムファイターズ,藤森 海斗,捕手,支配下,
13515157,北海道日本ハムファイターズ,吉田 賢吾,捕手,支配下,
51055138,北海道日本ハムファイターズ,田宮 裕涼,捕手,支配下,
11515151,北海道日本ハムファイターズ,梅林 優貴,捕手,支配下,
01505155,北海道日本ハムファイターズ,上川畑 大悟,内野手,支配下,
31435138,北海道日本ハムファイターズ,野村 佑希,内野手,支配下,
43945152,北海道日本ハムファイターズ,カストロ,内野手,支配下,
11215118,北海道日本ハムファイターズ,中島 卓也,内野手,支配下,
41545136,北海道日本ハムファイターズ,清宮 幸太郎,内野手,支配下,
01105155,北海道日本ハムファイターズ,有薗 直輝,内野手,支配下,
63165155,北海道日本ハムファイターズ,水野 達稀,内野手,支配下,
71975155,北海道日本ハムファイターズ,阪口 樂,内野手,支配下,
11515152,北海道日本ハムファイターズ,大塚 瑠晏,内野手,支配下,
51655152,北海道日本ハムファイターズ,半田 南十,内野手,支配下,
63165150,北海道日本ハムファイターズ,山縣 秀,内野手,支配下,
61865153,北海道日本ハムファイターズ,細川 凌平,内野手,支配下,
31435157,北海道日本ハムファイターズ,奈良間 大己,内野手,支配下,
53355159,北海道日本ハムファイターズ,明瀬 諒介,内野手,支配下,
41245152,北海道日本ハムファイターズ,常谷 拓輝,内野手,支配下,
21225133,北海道日本ハムファイターズ,西川 遥輝,外野手,支配下,
31135130,北海道日本ハムファイターズ,淺間 大基,外野手,支配下,
83185159,北海道日本ハムファイターズ,宮崎 一樹,外野手,支配下,
01305152,北海道日本ハムファイターズ,エドポロ ケイン,外野手,支配下,
11315153,北海道日本ハムファイターズ,五十幡 亮汰,外野手,支配下,
31835138,北海道日本ハムファイターズ,水谷 瞬,外野手,支配下,
21325153,北海道日本ハムファイターズ,今川 優馬,外野手,支配下,
11815138,北海道日本ハムファイターズ,万波 中正,外野手,支配下,
73075159,北海道日本ハムファイターズ,レイエス,外野手,支配下,
91595159,北海道日本ハムファイターズ,加藤 大和,投手,育成,
03105153,北海道日本ハムファイターズ,松本 遼大,投手,育成,
53155157,北海道日本ハムファイターズ,宮内 春輝,投手,育成,移籍
11715150,北海道日本ハムファイターズ,川勝 空人,投手,育成,
11215150,北海道日本ハムファイターズ,澁谷 純希,投手,育成,
13315152,北海道日本ハムファイターズ,横山 永遠,投手,育成,
11615138,北海道日本ハムファイターズ,福田 俊,投手,育成,
01105157,北海道日本ハムファイターズ,安西 叶翔,投手,育成,
41645153,北海道日本ハムファイターズ,根本 悠楓,投手,育成,
81685159,北海道日本ハムファイターズ,日渡 騰輝,捕手,育成,
71675159,北海道日本ハムファイターズ,濵田 泰希,内野手,育成,
11815157,北海道日本ハムファイターズ,藤田 大清,外野手,育成,
03305157,北海道日本ハムファイターズ,山口 アタル,外野手,育成,
41845159,北海道日本ハムファイターズ,星野 ひので,外野手,育成,
43545159,オリックス・バファローズ,エスピノーザ,投手,支配下,
43345153,オリックス・バファローズ,山下 舜平大,投手,支配下,
71175136,オリックス・バファローズ,東 晃平,投手,支配下,
61465150,オリックス・バファローズ,寺西 成騎,投手,支配下,
33335155,オリックス・バファローズ,椋木 蓮,投手,支配下,
81285112,オリックス・バファローズ,平野 佳寿,投手,支配下,
81985157,オリックス・バファローズ,曽谷 龍平,投手,支配下,
71875151,オリックス・バファローズ,宮城 大弥,投手,支配下,
83185134,オリックス・バファローズ,山岡 泰輔,投手,支配下,
01105153,オリックス・バファローズ,阿部 翔太,投手,支配下,
33335134,オリックス・バファローズ,山﨑 颯一郎,投手,支配下,
71775139,オリックス・バファローズ,九里 亜蓮,投手,支配下,
13115138,オリックス・バファローズ,吉田 輝星,投手,支配下,
41745157,オリックス・バファローズ,齋藤 響介,投手,支配下,
61065138,オリックス・バファローズ,富山 凌雅,投手,支配下,
41045136,オリックス・バファローズ,田嶋 大樹,投手,支配下,
41645152,オリックス・バファローズ,藤川 敦也,投手,支配下,
41745159,オリックス・バファローズ,古田島 成龍,投手,支配下,
93195152,オリックス・バファローズ,森 陽樹,投手,支配下,
31335116,オリックス・バファローズ,岩嵜 翔,投手,支配下,
41945152,オリックス・バファローズ,佐藤 龍月,投手,支配下,
43945159,オリックス・バファローズ,マチャド,投手,支配下,
51255152,オリックス・バファローズ,髙谷 舟,投手,支配下,
61665136,オリックス・バファローズ,本田 仁海,投手,支配下,
83185150,オリックス・バファローズ,山口 廉王,投手,支配下,
71475159,オリックス・バファローズ,東松 快征,投手,支配下,
01505150,オリックス・バファローズ,片山 楽生,投手,支配下,
03505155,オリックス・バファローズ,横山 楓,投手,支配下,
61665150,オリックス・バファローズ,東山 玲士,投手,支配下,
61465131,オリックス・バファローズ,山田 修義,投手,支配下,
13215157,オリックス・バファローズ,ペルドモ,投手,支配下,
63165159,オリックス・バファローズ,宮國 凌空,投手,支配下,
61965136,オリックス・バファローズ,博志,投手,支配下,
31335157,オリックス・バファローズ,入山 海斗,投手,支配下,
03505152,オリックス・バファローズ,ジェリー,投手,支配下,
43545150,オリックス・バファローズ,陳 睦衡,投手,支配下,
51055151,オリックス・バファローズ,佐藤 一磨,投手,支配下,
41745153,オリックス・バファローズ,川瀬 堅斗,投手,支配下,
21725157,オリックス・バファローズ,才木 海翔,投手,支配下,
61065159,オリックス・バファローズ,髙島 泰都,投手,支配下,
61765159,オリックス・バファローズ,権田 琉成,投手,支配下,
41645139,オリックス・バファローズ,若月 健矢,捕手,支配下,
91495139,オリックス・バファローズ,森 友哉,捕手,支配下,
11815155,オリックス・バファローズ,福永 奨,捕手,支配下,
81185139,オリックス・バファローズ,石川 亮,捕手,支配下,
81085138,オリックス・バファローズ,頓宮 裕真,捕手,支配下,
33335150,オリックス・バファローズ,山中 稜真,捕手,支配下,
21425152,オリックス・バファローズ,野上 士耀,捕手,支配下,
81885159,オリックス・バファローズ,堀 柊那,捕手,支配下,
91395138,オリックス・バファローズ,太田 椋,内野手,支配下,
91495130,オリックス・バファローズ,西野 真弘,内野手,支配下,
11815130,オリックス・バファローズ,宗 佑磨,内野手,支配下,
81485155,オリックス・バファローズ,野口 智哉,内野手,支配下,
11515132,オリックス・バファローズ,大城 滉二,内野手,支配下,
91995151,オリックス・バファローズ,紅林 弘太郎,内野手,支配下,
91295157,オリックス・バファローズ,内藤 鵬,内野手,支配下,
21625132,オリックス・バファローズ,廣岡 大志,内野手,支配下,
83385159,オリックス・バファローズ,横山 聖哉,内野手,支配下,
93595152,オリックス・バファローズ,シーモア,内野手,支配下,
51755138,オリックス・バファローズ,宜保 翔,内野手,支配下,
51255138,オリックス・バファローズ,中川 圭太,内野手,支配下,
63565155,オリックス・バファローズ,渡部 遼人,外野手,支配下,
71475132,オリックス・バファローズ,西川 龍馬,外野手,支配下,
33135150,オリックス・バファローズ,麦谷 祐介,外野手,支配下,
61965157,オリックス・バファローズ,杉澤 龍,外野手,支配下,
51955153,オリックス・バファローズ,来田 涼斗,外野手,支配下,
41145155,オリックス・バファローズ,池田 陵真,外野手,支配下,
01705152,オリックス・バファローズ,窪田 洋祐,外野手,支配下,
01605132,オリックス・バファローズ,平沼 翔太,外野手,支配下,
61965132,オリックス・バファローズ,杉本 裕太郎,外野手,支配下,
71875152,オリックス・バファローズ,マシュー,投手,育成,
33335152,オリックス・バファローズ,渡邉 一生,投手,育成,
31035159,オリックス・バファローズ,寿賀 弘都,投手,育成,
71175159,オリックス・バファローズ,芦田 丈飛,投手,育成,
41345150,オリックス・バファローズ,上原 堆我,投手,育成,
31335150,オリックス・バファローズ,乾 健斗,投手,育成,
11915155,オリックス・バファローズ,小木田 敦也,投手,育成,
31535153,オリックス・バファローズ,宇田川 優希,投手,育成,
41645151,オリックス・バファローズ,前 佑囲斗,投手,育成,
81585159,オリックス・バファローズ,河内 康介,投手,育成,
93195157,オリックス・バファローズ,村上 喬一朗,捕手,育成,
31435150,オリックス・バファローズ,田島 光祐,捕手,育成,
31435152,オリックス・バファローズ,中西 創大,内野手,育成,
11715159,オリックス・バファローズ,河野 聡太,内野手,育成,
01305150,オリックス・バファローズ,今坂 幸暉,内野手,育成,
71275150,オリックス・バファローズ,清水 武蔵,内野手,育成,
01305155,オリックス・バファローズ,大里 昂生,内野手,育成,
71575151,オリックス・バファローズ,遠藤 成,内野手,育成,移籍
21525130,オリックス・バファローズ,香月 一也,内野手,育成,
81885152,オリックス・バファローズ,三方 陽登,外野手,育成,
81485150,オリックス・バファローズ,寺本 聖一,外野手,育成,
21925153,オリックス・バファローズ,元 謙太,外野手,育成,
91395159,埼玉西武ライオンズ,上田 大河,投手,支配下,
53155138,埼玉西武ライオンズ,渡邉 勇太朗,投手,支配下,
71075130,埼玉西武ライオンズ,髙橋 光成,投手,支配下,
63165136,埼玉西武ライオンズ,與座 海人,投手,支配下,
21025155,埼玉西武ライオンズ,隅田 知一郎,投手,支配下,
81685138,埼玉西武ライオンズ,松本 航,投手,支配下,
41945155,埼玉西武ライオンズ,佐藤 隼輔,投手,支配下,
91395152,埼玉西武ライオンズ,岩城 颯空,投手,支配下,
51255159,埼玉西武ライオンズ,武内 夏暉,投手,支配下,
11315159,埼玉西武ライオンズ,糸川 亮太,投手,支配下,
71875138,埼玉西武ライオンズ,森脇 亮介,投手,支配下,
51155157,埼玉西武ライオンズ,青山 美夏人,投手,支配下,
23925152,埼玉西武ライオンズ,ワイナンス,投手,支配下,
51555138,埼玉西武ライオンズ,甲斐野 央,投手,支配下,
43345157,埼玉西武ライオンズ,山田 陽翔,投手,支配下,
31835152,埼玉西武ライオンズ,堀越 啓太,投手,支配下,
81485159,埼玉西武ライオンズ,成田 晴風,投手,支配下,
43045155,埼玉西武ライオンズ,ボー・タカハシ,投手,支配下,
51655155,埼玉西武ライオンズ,羽田 慎之介,投手,支配下,
53555150,埼玉西武ライオンズ,ウィンゲンター,投手,支配下,
81585150,埼玉西武ライオンズ,狩生 聖真,投手,支配下,
91095159,埼玉西武ライオンズ,杉山 遙希,投手,支配下,
61065150,埼玉西武ライオンズ,篠原 響,投手,支配下,
51755134,埼玉西武ライオンズ,黒木 優太,投手,支配下,
73975150,埼玉西武ライオンズ,Ｅ．ラミレス,投手,支配下,
21725155,埼玉西武ライオンズ,黒田 将矢,投手,支配下,
71075139,埼玉西武ライオンズ,中村 祐太,投手,支配下,
31035136,埼玉西武ライオンズ,平良 海馬,投手,支配下,
91895150,埼玉西武ライオンズ,冨士 大和,投手,支配下,
23125153,埼玉西武ライオンズ,豆田 泰志,投手,支配下,
71075155,埼玉西武ライオンズ,菅井 信也,投手,支配下,
31035150,埼玉西武ライオンズ,佐藤 爽,投手,支配下,
61465151,埼玉西武ライオンズ,浜屋 将太,投手,支配下,
41745152,埼玉西武ライオンズ,小島 大河,捕手,支配下,
81785155,埼玉西武ライオンズ,古賀 悠斗,捕手,支配下,
91995112,埼玉西武ライオンズ,炭谷 銀仁朗,捕手,支配下,
61265151,埼玉西武ライオンズ,柘植 世那,捕手,支配下,
71675138,埼玉西武ライオンズ,牧野 翔矢,捕手,支配下,
51455150,埼玉西武ライオンズ,龍山 暖,捕手,支配下,
91795157,埼玉西武ライオンズ,是澤 涼輔,捕手,支配下,
91495155,埼玉西武ライオンズ,仲田 慶介,内野手,支配下,
51755157,埼玉西武ライオンズ,児玉 亮涼,内野手,支配下,
21925150,埼玉西武ライオンズ,齋藤 大翔,内野手,支配下,
21125134,埼玉西武ライオンズ,石井 一成,内野手,支配下,
41245130,埼玉西武ライオンズ,外崎 修汰,内野手,支配下,
71775134,埼玉西武ライオンズ,源田 壮亮,内野手,支配下,
53755150,埼玉西武ライオンズ,ネビン,内野手,支配下,
83385153,埼玉西武ライオンズ,山村 崇嘉,内野手,支配下,
51055150,埼玉西武ライオンズ,佐藤 太陽,内野手,支配下,
91695132,埼玉西武ライオンズ,平沢 大河,内野手,支配下,
21025136,埼玉西武ライオンズ,髙松 渡,内野手,支配下,
83185152,埼玉西武ライオンズ,横田 蒼和,内野手,支配下,
81085115,埼玉西武ライオンズ,中村 剛也,内野手,支配下,
51255155,埼玉西武ライオンズ,滝澤 夏央,内野手,支配下,
93395159,埼玉西武ライオンズ,村田 怜音,内野手,支配下,
51755115,埼玉西武ライオンズ,栗山 巧,外野手,支配下,
51755135,埼玉西武ライオンズ,桑原 将志,外野手,支配下,
83385150,埼玉西武ライオンズ,渡部 聖弥,外野手,支配下,
61665157,埼玉西武ライオンズ,蛭間 拓哉,外野手,支配下,
23325152,埼玉西武ライオンズ,カナリオ,外野手,支配下,
61065157,埼玉西武ライオンズ,茶野 篤政,外野手,支配下,
51855157,埼玉西武ライオンズ,古川 雄大,外野手,支配下,
51155152,埼玉西武ライオンズ,秋山 俊,外野手,支配下,
43345150,埼玉西武ライオンズ,林 冠臣,外野手,支配下,
53555153,埼玉西武ライオンズ,若林 楽人,外野手,支配下,
51455136,埼玉西武ライオンズ,西川 愛也,外野手,支配下,
61465153,埼玉西武ライオンズ,仲三 優太,外野手,支配下,
81685153,埼玉西武ライオンズ,長谷川 信哉,外野手,支配下,
31735152,埼玉西武ライオンズ,川田 悠慎,外野手,支配下,
51955151,埼玉西武ライオンズ,岸 潤一郎,外野手,支配下,
33935152,埼玉西武ライオンズ,林 安可,外野手,支配下,
21325151,埼玉西武ライオンズ,上間 永遠,投手,育成,
01005153,埼玉西武ライオンズ,佐々木 健,投手,育成,
33335159,埼玉西武ライオンズ,宮澤 太成,投手,育成,
31935152,埼玉西武ライオンズ,斎藤 佳紳,投手,育成,
81885157,埼玉西武ライオンズ,三浦 大輝,投手,育成,
81485152,埼玉西武ライオンズ,濱岡 蒼太,投手,育成,
01905159,埼玉西武ライオンズ,シンクレア,投手,育成,
91695152,埼玉西武ライオンズ,平口 寛人,投手,育成,
61565159,埼玉西武ライオンズ,川下 将勲,投手,育成,
51755159,埼玉西武ライオンズ,木瀬 翔太,投手,育成,
91895152,埼玉西武ライオンズ,正木 悠馬,投手,育成,
01005136,埼玉西武ライオンズ,高橋 礼,投手,育成,
93795152,埼玉西武ライオンズ,ムサ,投手,育成,
33735152,埼玉西武ライオンズ,フレッド,投手,育成,
33535152,埼玉西武ライオンズ,ゴンザレス,投手,育成,
93395152,埼玉西武ライオンズ,オリバー,投手,育成,
03005152,埼玉西武ライオンズ,モーレ,投手,育成,
21425157,埼玉西武ライオンズ,野田 海人,捕手,育成,
11415138,埼玉西武ライオンズ,野村 大樹,捕手,育成,
71175152,埼玉西武ライオンズ,新井 唯斗,内野手,育成,
71375152,埼玉西武ライオンズ,今岡 拓夢,内野手,育成,
51955150,埼玉西武ライオンズ,古賀 輝希,内野手,育成,
01205159,埼玉西武ライオンズ,谷口 朝陽,内野手,育成,
21525159,埼玉西武ライオンズ,金子 功児,内野手,育成,
71875150,埼玉西武ライオンズ,福尾 遥真,内野手,育成,
13515152,埼玉西武ライオンズ,コルニエル,内野手,育成,
51555159,埼玉西武ライオンズ,奥村 光一,外野手,育成,
23325150,埼玉西武ライオンズ,ラマル,外野手,育成,
91195152,埼玉西武ライオンズ,安藤 銀杜,外野手,育成,
01005150,埼玉西武ライオンズ,澤田 遥斗,外野手,育成,
31535150,埼玉西武ライオンズ,オケム,外野手,育成,
43345152,埼玉西武ライオンズ,カルロス,外野手,育成,
91795114,東北楽天ゴールデンイーグルス,岸 孝之,投手,支配下,
81685152,東北楽天ゴールデンイーグルス,藤原 聡大,投手,支配下,
53555152,東北楽天ゴールデンイーグルス,コントレラス,投手,支配下,
21725159,東北楽天ゴールデンイーグルス,古謝 樹,投手,支配下,
51655114,東北楽天ゴールデンイーグルス,前田 健太,投手,支配下,
21925157,東北楽天ゴールデンイーグルス,荘司 康誠,投手,支配下,
31335152,東北楽天ゴールデンイーグルス,伊藤 樹,投手,支配下,
31835153,東北楽天ゴールデンイーグルス,早川 隆久,投手,支配下,
73375152,東北楽天ゴールデンイーグルス,ウレーニャ,投手,支配下,
13015150,東北楽天ゴールデンイーグルス,マルテ,投手,支配下,
31635150,東北楽天ゴールデンイーグルス,中込 陽翔,投手,支配下,
61765134,東北楽天ゴールデンイーグルス,酒居 知史,投手,支配下,
91095157,東北楽天ゴールデンイーグルス,田中 千晴,投手,支配下,
23525157,東北楽天ゴールデンイーグルス,渡辺 翔太,投手,支配下,
11515150,東北楽天ゴールデンイーグルス,江原 雅裕,投手,支配下,
21525139,東北楽天ゴールデンイーグルス,加治屋 蓮,投手,支配下,
73575132,東北楽天ゴールデンイーグルス,宋 家豪,投手,支配下,
71775152,東北楽天ゴールデンイーグルス,九谷 瑠,投手,支配下,
61665134,東北楽天ゴールデンイーグルス,藤平 尚真,投手,支配下,
71875153,東北楽天ゴールデンイーグルス,藤井 聖,投手,支配下,
61465155,東北楽天ゴールデンイーグルス,西垣 雅矢,投手,支配下,
11415151,東北楽天ゴールデンイーグルス,津留﨑 大成,投手,支配下,
11915159,東北楽天ゴールデンイーグルス,坂井 陽翔,投手,支配下,
01605159,東北楽天ゴールデンイーグルス,日當 直喜,投手,支配下,
01905138,東北楽天ゴールデンイーグルス,鈴木 翔天,投手,支配下,
31235151,東北楽天ゴールデンイーグルス,瀧中 瞭太,投手,支配下,
01505118,東北楽天ゴールデンイーグルス,辛島 航,投手,支配下,
61065155,東北楽天ゴールデンイーグルス,泰 勝利,投手,支配下,
31735157,東北楽天ゴールデンイーグルス,古賀 康誠,投手,支配下,
41445134,東北楽天ゴールデンイーグルス,西口 直人,投手,支配下,
01605157,東北楽天ゴールデンイーグルス,林 優樹,投手,支配下,
21725139,東北楽天ゴールデンイーグルス,今野 龍太,投手,支配下,
41345159,東北楽天ゴールデンイーグルス,大内 誠弥,投手,支配下,
51555153,東北楽天ゴールデンイーグルス,内 星龍,投手,支配下,
81985155,東北楽天ゴールデンイーグルス,柴田 大地,投手,支配下,
11315152,東北楽天ゴールデンイーグルス,伊藤 大晟,投手,支配下,
71375138,東北楽天ゴールデンイーグルス,太田 光,捕手,支配下,
81185116,東北楽天ゴールデンイーグルス,伊藤 光,捕手,支配下,
31235130,東北楽天ゴールデンイーグルス,田中 貴也,捕手,支配下,
43345155,東北楽天ゴールデンイーグルス,YG安田,捕手,支配下,
11815132,東北楽天ゴールデンイーグルス,堀内 謙伍,捕手,支配下,
61165134,東北楽天ゴールデンイーグルス,石原 彪,捕手,支配下,
81385152,東北楽天ゴールデンイーグルス,大栄 利哉,捕手,支配下,
61965151,東北楽天ゴールデンイーグルス,小深田 大翔,内野手,支配下,
53155150,東北楽天ゴールデンイーグルス,宗山 塁,内野手,支配下,
51155118,東北楽天ゴールデンイーグルス,浅村 栄斗,内野手,支配下,
41845132,東北楽天ゴールデンイーグルス,村林 一輝,内野手,支配下,
81985135,東北楽天ゴールデンイーグルス,鈴木 大地,内野手,支配下,
03005150,東北楽天ゴールデンイーグルス,ボイト,内野手,支配下,
01905151,東北楽天ゴールデンイーグルス,黒川 史陽,内野手,支配下,
61965152,東北楽天ゴールデンイーグルス,繁永 晟,内野手,支配下,
73175138,東北楽天ゴールデンイーグルス,渡邊 佳明,内野手,支配下,
41145138,東北楽天ゴールデンイーグルス,伊藤 裕季也,内野手,支配下,
11015157,東北楽天ゴールデンイーグルス,平良 竜哉,内野手,支配下,
13515159,東北楽天ゴールデンイーグルス,ワォーターズ,内野手,支配下,
41345153,東北楽天ゴールデンイーグルス,入江 大樹,内野手,支配下,
31135159,東北楽天ゴールデンイーグルス,青野 拓海,内野手,支配下,
51955155,東北楽天ゴールデンイーグルス,小森 航大郎,内野手,支配下,
53355150,東北楽天ゴールデンイーグルス,陽 柏翔,内野手,支配下,
11715152,東北楽天ゴールデンイーグルス,金子 京介,内野手,支配下,
11015138,東北楽天ゴールデンイーグルス,辰己 涼介,外野手,支配下,
93095150,東北楽天ゴールデンイーグルス,ゴンザレス,外野手,支配下,
11215134,東北楽天ゴールデンイーグルス,田中 和基,外野手,支配下,
21425159,東北楽天ゴールデンイーグルス,中島 大輔,外野手,支配下,
73775152,東北楽天ゴールデンイーグルス,マッカスカー,外野手,支配下,
03305150,東北楽天ゴールデンイーグルス,吉納 翼,外野手,支配下,
91095151,東北楽天ゴールデンイーグルス,佐藤 直樹,外野手,支配下,
71975152,東北楽天ゴールデンイーグルス,阪上 翔也,外野手,支配下,
01805151,東北楽天ゴールデンイーグルス,武藤 敦貴,外野手,支配下,
81385138,東北楽天ゴールデンイーグルス,小郷 裕哉,外野手,支配下,
43545155,東北楽天ゴールデンイーグルス,吉野 創士,外野手,支配下,
11615150,東北楽天ゴールデンイーグルス,德山 一翔,投手,育成,
73175159,東北楽天ゴールデンイーグルス,松田 啄磨,投手,育成,
11415152,東北楽天ゴールデンイーグルス,中沢 匠磨,投手,育成,
23525150,東北楽天ゴールデンイーグルス,蕭 齊,投手,育成,
31835151,東北楽天ゴールデンイーグルス,水上 桂,捕手,育成,
31035152,東北楽天ゴールデンイーグルス,島原 大河,捕手,育成,
01705150,東北楽天ゴールデンイーグルス,岸本 佑也,内野手,育成,
61865155,東北楽天ゴールデンイーグルス,前田 銀治,外野手,育成,
51855152,東北楽天ゴールデンイーグルス,幌村 黛汰,外野手,育成,
31535152,東北楽天ゴールデンイーグルス,大坪 梓恩,外野手,育成,
03305152,千葉ロッテマリーンズ,カスティーヨ,投手,支配下,
73175152,千葉ロッテマリーンズ,毛利 海大,投手,支配下,
11515138,千葉ロッテマリーンズ,小島 和哉,投手,支配下,
23125151,千葉ロッテマリーンズ,横山 陸人,投手,支配下,
71275134,千葉ロッテマリーンズ,種市 篤暉,投手,支配下,
61165152,千葉ロッテマリーンズ,石垣 元気,投手,支配下,
21525116,千葉ロッテマリーンズ,唐川 侑己,投手,支配下,
61165139,千葉ロッテマリーンズ,石川 柊太,投手,支配下,
31135138,千葉ロッテマリーンズ,東妻 勇輔,投手,支配下,
91595157,千葉ロッテマリーンズ,菊地 吏玖,投手,支配下,
01205118,千葉ロッテマリーンズ,西野 勇士,投手,支配下,
41645155,千葉ロッテマリーンズ,廣畑 敦也,投手,支配下,
81385159,千葉ロッテマリーンズ,大谷 輝龍,投手,支配下,
23325155,千葉ロッテマリーンズ,八木 彬,投手,支配下,
31035157,千葉ロッテマリーンズ,高野 脩汰,投手,支配下,
01005157,千葉ロッテマリーンズ,田中 晴也,投手,支配下,
41745138,千葉ロッテマリーンズ,坂本 光士郎,投手,支配下,
51555130,千葉ロッテマリーンズ,小野 郁,投手,支配下,
21525152,千葉ロッテマリーンズ,奥村 頼人,投手,支配下,
11315150,千葉ロッテマリーンズ,一條 力真,投手,支配下,
43745159,千葉ロッテマリーンズ,ジャクソン,投手,支配下,
01605152,千葉ロッテマリーンズ,冨士 隼斗,投手,支配下,
71275153,千葉ロッテマリーンズ,鈴木 昭汰,投手,支配下,
93095152,千葉ロッテマリーンズ,ルケーシー,投手,支配下,
71675135,千葉ロッテマリーンズ,益田 直也,投手,支配下,
71775159,千葉ロッテマリーンズ,木村 優人,投手,支配下,
01905134,千葉ロッテマリーンズ,澤田 圭佑,投手,支配下,
31635153,千葉ロッテマリーンズ,中森 俊介,投手,支配下,
61765153,千葉ロッテマリーンズ,河村 説人,投手,支配下,
91695159,千葉ロッテマリーンズ,早坂 響,投手,支配下,
63165152,千葉ロッテマリーンズ,大聖,投手,支配下,
41945150,千葉ロッテマリーンズ,坂井 遼,投手,支配下,
81685150,千葉ロッテマリーンズ,廣池 康志郎,投手,支配下,
73175157,千葉ロッテマリーンズ,宮﨑 颯,投手,支配下,
03905152,千葉ロッテマリーンズ,ロング,投手,支配下,
83385157,千葉ロッテマリーンズ,吉川 悠斗,投手,支配下,
61865136,千葉ロッテマリーンズ,森 遼大朗,投手,支配下,
11215152,千葉ロッテマリーンズ,髙橋 快秀,投手,支配下,
53155155,千葉ロッテマリーンズ,松川 虎生,捕手,支配下,
41945137,千葉ロッテマリーンズ,田村 龍弘,捕手,支配下,
71075151,千葉ロッテマリーンズ,佐藤 都志也,捕手,支配下,
91395151,千葉ロッテマリーンズ,植田 将太,捕手,支配下,
51455159,千葉ロッテマリーンズ,寺地 隆成,捕手,支配下,
01505152,千葉ロッテマリーンズ,岡村 了樹,捕手,支配下,
21125155,千葉ロッテマリーンズ,池田 来翔,内野手,支配下,
71275157,千葉ロッテマリーンズ,友杉 篤輝,内野手,支配下,
81885136,千葉ロッテマリーンズ,安田 尚憲,内野手,支配下,
41645136,千葉ロッテマリーンズ,藤岡 裕大,内野手,支配下,
51455130,千葉ロッテマリーンズ,中村 奨吾,内野手,支配下,
71375159,千葉ロッテマリーンズ,上田 希由翔,内野手,支配下,
73175136,千葉ロッテマリーンズ,山﨑 剛,内野手,支配下,
41145134,千葉ロッテマリーンズ,石垣 勝海,内野手,支配下,
81885150,千葉ロッテマリーンズ,宮崎 竜成,内野手,支配下,
71475150,千葉ロッテマリーンズ,立松 由宇,内野手,支配下,
01905152,千葉ロッテマリーンズ,櫻井 ユウヤ,内野手,支配下,
11715153,千葉ロッテマリーンズ,小川 龍成,内野手,支配下,
71275132,千葉ロッテマリーンズ,茶谷 健太,内野手,支配下,
03505136,千葉ロッテマリーンズ,ソト,内野手,支配下,
11215151,千葉ロッテマリーンズ,髙部 瑛斗,外野手,支配下,
31635138,千葉ロッテマリーンズ,藤原 恭大,外野手,支配下,
41545114,千葉ロッテマリーンズ,角中 勝也,外野手,支配下,
21625150,千葉ロッテマリーンズ,西川 史礁,外野手,支配下,
63065155,千葉ロッテマリーンズ,ポランコ,外野手,支配下,
01105135,千葉ロッテマリーンズ,石川 慎吾,外野手,支配下,
11515139,千葉ロッテマリーンズ,岡 大海,外野手,支配下,
31335151,千葉ロッテマリーンズ,井上 広大,外野手,支配下,
31535132,千葉ロッテマリーンズ,愛斗,外野手,支配下,
91895138,千葉ロッテマリーンズ,山口 航輝,外野手,支配下,
33535153,千葉ロッテマリーンズ,山本 大斗,外野手,支配下,
33335136,千葉ロッテマリーンズ,和田 康士朗,外野手,支配下,
13115151,千葉ロッテマリーンズ,本前 郁也,投手,育成,
71175155,千葉ロッテマリーンズ,秋山 正雲,投手,育成,
11615153,千葉ロッテマリーンズ,中村 亮太,投手,育成,
71475155,千葉ロッテマリーンズ,永島田 輝斗,投手,育成,
71475152,千葉ロッテマリーンズ,中山 優人,投手,育成,
91395150,千葉ロッテマリーンズ,茨木 佑太,投手,育成,
51655150,千葉ロッテマリーンズ,長島 幸佑,投手,育成,
71275159,千葉ロッテマリーンズ,武内 涼太,投手,育成,
83785152,千葉ロッテマリーンズ,ラドニー,投手,育成,
91495159,千葉ロッテマリーンズ,富山 紘之進,捕手,育成,
31535157,千葉ロッテマリーンズ,金田 優太,内野手,育成,
61365157,千葉ロッテマリーンズ,勝又 琉偉,内野手,育成,
21425150,千葉ロッテマリーンズ,谷村 剛,内野手,育成,
53155159,千葉ロッテマリーンズ,松石 信八,内野手,育成,
01005152,千葉ロッテマリーンズ,杉山 諒,外野手,育成,
01705159,千葉ロッテマリーンズ,髙野 光海,外野手,育成,
51855159,千葉ロッテマリーンズ,藤田 和樹,外野手,育成,
23925150,千葉ロッテマリーンズ,アセベド,外野手,育成,